"job_idLabel","movie_id","people_id"
"Actor",8393,55674
"Actor",8393,55675
"Actor",8393,16758
"Actor",8393,55676
"Actor",8393,55677
"Director",8393,55668
"Screenplay",8393,55668
"Actor",52366,10500
"Actor",52366,6012
"Actor",52366,23724
"Actor",52366,70168
"Actor",52366,146207
"Director",52366,20718
"Writer",52366,145854
"Writer",52366,20718
"Actor",50839,1979
"Actor",50839,6162
"Actor",50839,16940
"Actor",50839,17306
"Actor",50839,122888
"Director",50839,556172
"Screenplay",50839,556172
"Actor",238781,54675
"Actor",238781,77131
"Actor",238781,77860
"Actor",238781,4529
"Actor",238781,72254
"Director",238781,64205
"Writer",238781,64205
"Actor",335983,2524
"Actor",335983,1812
"Actor",335983,53240
"Actor",335983,87954
"Actor",335983,81316
"Screenplay",335983,3228
"Screenplay",335983,168309
"Director",335983,91268
"Screenplay",335983,940376
"Actor",483184,1699129
"Actor",483184,131630
"Actor",483184,132849
"Actor",483184,128456
"Actor",483184,1078993
"Director",483184,63973
"Screenplay",483184,72768
"Screenplay",483184,63973
"Screenplay",483184,78675
"Actor",345887,5292
"Actor",345887,1253360
"Actor",345887,1152019
"Actor",345887,863
"Actor",345887,8984
"Screenplay",345887,22814
"Director",345887,20907
"Actor",338189,16790
"Actor",338189,1925
"Actor",338189,136761
"Actor",338189,121529
"Actor",338189,8293
"Director",338189,143593
"Screenplay",338189,143593
"Writer",338189,1559679
"Actor",603,6384
"Actor",603,2975
"Actor",603,530
"Actor",603,1331
"Actor",603,532
"Director",603,9340
"Writer",603,9339
"Writer",603,9340
"Director",603,9339
"Actor",329865,9273
"Actor",329865,17604
"Actor",329865,2178
"Actor",329865,72873
"Actor",329865,21629
"Director",329865,137427
"Screenplay",329865,115033
"Actor",333339,1034681
"Actor",333339,1173984
"Actor",333339,77335
"Actor",333339,1059572
"Actor",333339,51990
"Director",333339,488
"Screenplay",333339,74624
"Screenplay",333339,11011
"Actor",400579,6885
"Actor",400579,1110405
"Actor",400579,17402
"Actor",400579,45407
"Actor",400579,1707144
"Director",400579,52443
"Writer",400579,52444
"Actor",2440,20738
"Actor",2440,25001
"Actor",2440,25002
"Actor",2440,25003
"Actor",2440,25004
"Director",2440,10099
"Screenplay",2440,24988
"Screenplay",2440,24989
"Screenplay",2440,10099
"Screenplay",2440,24991
"Screenplay",2440,24990
"Actor",336843,527393
"Actor",336843,115150
"Actor",336843,25663
"Actor",336843,1310760
"Actor",336843,973667
"Director",336843,1179066
"Screenplay",336843,1257144
"Actor",384680,3894
"Actor",384680,10882
"Actor",384680,15853
"Actor",384680,88124
"Actor",384680,33527
"Director",384680,65167
"Screenplay",384680,65167
"Actor",336804,1481832
"Actor",336804,1481833
"Actor",336804,1481834
"Actor",336804,1481835
"Actor",336804,1481836
"Director",336804,1128442
"Writer",336804,1128442
"Writer",336804,1051327
"Actor",152584,586757
"Actor",152584,121529
"Actor",152584,38865
"Actor",152584,15482
"Actor",152584,1029292
"Director",152584,17458
"Screenplay",152584,17458
"Screenplay",152584,1066722
"Actor",452187,6012
"Actor",452187,1171510
"Actor",452187,1841421
"Actor",452187,73726
"Actor",452187,238460
"Director",452187,2245
"Writer",452187,2245
"Actor",399035,3896
"Actor",399035,21657
"Actor",399035,17178
"Actor",399035,783
"Actor",399035,4783
"Director",399035,59521
"Writer",399035,1625285
"Writer",399035,1625287
"Writer",399035,1325800
"Actor",400617,11856
"Actor",400617,1080195
"Actor",400617,72305
"Actor",400617,38809
"Actor",400617,18022
"Director",400617,4762
"Writer",400617,4762
"Actor",396371,83002
"Actor",396371,17605
"Actor",396371,1269
"Actor",396371,39995
"Actor",396371,239271
"Director",396371,13520
"Writer",396371,13520
"Actor",300668,524
"Actor",300668,10431
"Actor",300668,180486
"Actor",300668,62561
"Actor",300668,67737
"Director",300668,2036
"Screenplay",300668,2036
"Actor",241554,3896
"Actor",241554,228
"Actor",241554,92404
"Actor",241554,467645
"Actor",241554,14888
"Director",241554,59521
"Writer",241554,932432
"Actor",2882,2405
"Actor",2882,19866
"Actor",2882,28675
"Actor",2882,28676
"Actor",2882,28677
"Director",2882,20718
"Screenplay",2882,20718
"Actor",12477,72413
"Actor",12477,72414
"Actor",12477,72415
"Actor",12477,72416
"Director",12477,628
"Screenplay",12477,628
"Actor",389015,234352
"Actor",389015,60898
"Actor",389015,19
"Actor",389015,86034
"Actor",389015,1294982
"Writer",389015,47283
"Director",389015,50767
"Actor",284053,74568
"Actor",284053,103
"Actor",284053,91606
"Actor",284053,112
"Actor",284053,62561
"Writer",284053,87173
"Writer",284053,109542
"Director",284053,55934
"Writer",284053,579281
"Actor",399055,39658
"Actor",399055,17005
"Actor",399055,335
"Actor",399055,28633
"Actor",399055,6944
"Screenplay",399055,176489
"Screenplay",399055,10828
"Director",399055,10828
"Actor",427348,5442
"Actor",427348,149223
"Actor",427348,1507097
"Actor",427348,1535315
"Actor",427348,82304
"Director",427348,52342
"Writer",427348,52342
"Writer",427348,1041712
"Actor",10220,1892
"Actor",10220,1241
"Actor",10220,15370
"Actor",10220,5725
"Actor",10220,819
"Director",10220,21053
"Screenplay",10220,16305
"Screenplay",10220,16304
"Actor",397538,87663
"Actor",397538,10959
"Actor",397538,1640
"Actor",397538,67737
"Actor",397538,1893608
"Screenplay",397538,1369026
"Director",397538,118606
"Actor",63311,3131
"Actor",63311,3623
"Actor",63311,954
"Actor",63311,440879
"Actor",63311,225017
"Director",63311,309
"Screenplay",63311,309
"Actor",181808,2
"Actor",181808,4
"Actor",181808,1023139
"Actor",181808,1315036
"Actor",181808,236695
"Director",181808,67367
"Screenplay",181808,67367
"Actor",14410,76821
"Actor",14410,15543
"Actor",14410,101519
"Actor",14410,53650
"Actor",14410,171941
"Director",14410,66121
"Screenplay",14410,71943
"Screenplay",14410,82153
"Actor",71157,13688
"Actor",71157,51508
"Actor",71157,76820
"Actor",71157,81054
"Actor",71157,64210
"Director",71157,64210
"Screenplay",71157,64210
"Screenplay",71157,25340
"Actor",432068,28281
"Actor",432068,54291
"Actor",432068,16922
"Actor",432068,992623
"Actor",432068,544681
"Director",432068,84425
"Director",432068,84426
"Writer",432068,84426
"Writer",432068,84425
"Actor",395991,16851
"Actor",395991,996701
"Actor",395991,1229
"Actor",395991,6161
"Actor",395991,18473
"Director",395991,86270
"Writer",395991,12783
"Screenplay",395991,1279644
"Actor",406997,1277188
"Actor",406997,887
"Actor",406997,1204
"Actor",406997,1457461
"Actor",406997,1652371
"Director",406997,19311
"Screenplay",406997,20647
"Screenplay",406997,19311
"Screenplay",406997,207132
"Actor",339877,1702761
"Actor",339877,230680
"Actor",339877,195930
"Actor",339877,36592
"Actor",339877,15737
"Director",339877,1003237
"Director",339877,1466181
"Writer",339877,1003237
"Writer",339877,1466181
"Writer",339877,1466182
"Actor",10673,6952
"Actor",10673,3392
"Actor",10673,8349
"Actor",10673,589
"Actor",10673,11885
"Director",10673,1152
"Writer",10673,1152
"Writer",10673,66189
"Actor",369192,54693
"Actor",369192,4495
"Actor",369192,127558
"Actor",369192,7404
"Actor",369192,8984
"Writer",369192,57631
"Director",369192,16959
"Director",369192,16960
"Actor",413778,144791
"Actor",413778,42741
"Actor",413778,267962
"Actor",413778,24501
"Actor",413778,1773489
"Director",413778,144791
"Director",413778,42741
"Screenplay",413778,42741
"Screenplay",413778,144791
"Actor",451945,66957
"Actor",451945,1795151
"Actor",451945,68816
"Actor",451945,1795152
"Actor",451945,1871353
"Director",451945,17387
"Screenplay",451945,17387
"Actor",379149,517
"Actor",379149,18897
"Actor",379149,107734
"Actor",379149,1267122
"Actor",379149,1356630
"Writer",379149,1567784
"Director",379149,10702
"Writer",379149,4946
"Screenplay",379149,21002
"Actor",335984,30614
"Actor",335984,3
"Actor",335984,224513
"Actor",335984,32
"Actor",335984,104632
"Director",335984,137427
"Screenplay",335984,583
"Screenplay",335984,191937
"Actor",18785,51329
"Actor",18785,27105
"Actor",18785,58225
"Actor",18785,21180
"Actor",18785,69122
"Screenplay",18785,52114
"Screenplay",18785,52115
"Director",18785,57130
"Actor",434616,1314700
"Actor",434616,1372661
"Actor",434616,1457707
"Actor",434616,1319210
"Actor",434616,1133065
"Director",434616,1562429
"Director",434616,1186858
"Writer",434616,1982416
"Writer",434616,1186858
"Actor",347031,17142
"Actor",347031,10980
"Actor",347031,17628
"Actor",347031,1367516
"Actor",347031,76624
"Director",347031,1383612
"Director",347031,1317730
"Writer",347031,1383612
"Writer",347031,1317730
"Actor",407201,17497
"Actor",407201,72255
"Actor",407201,59627
"Actor",407201,223532
"Actor",407201,1653041
"Screenplay",407201,109889
"Director",407201,109889
"Actor",21778,132542
"Actor",21778,76820
"Actor",21778,77930
"Actor",21778,35968
"Actor",21778,16922
"Director",21778,4275
"Writer",21778,132542
"Writer",21778,4275
"Writer",21778,76820
"Writer",21778,35968
"Writer",21778,16922
"Actor",585,1230
"Actor",585,7904
"Actor",585,884
"Actor",585,5563
"Actor",585,7906
"Screenplay",585,7
"Director",585,12890
"Screenplay",585,7884
"Actor",8424,19866
"Actor",8424,8293
"Actor",8424,55384
"Actor",8424,550027
"Actor",8424,55383
"Director",8424,55379
"Screenplay",8424,55379
"Screenplay",8424,55385
"Actor",134374,13240
"Actor",134374,18918
"Actor",134374,53650
"Actor",134374,4252
"Actor",134374,228
"Screenplay",134374,5551
"Screenplay",134374,5552
"Director",134374,865
"Actor",105,521
"Actor",105,1062
"Actor",105,1063
"Actor",105,1064
"Actor",105,1065
"Director",105,24
"Writer",105,24
"Writer",105,1058
"Actor",587,3061
"Actor",587,3926
"Actor",587,8289
"Actor",587,4431
"Actor",587,1283
"Director",587,510
"Screenplay",587,1300
"Actor",1422,6193
"Actor",1422,1892
"Actor",1422,514
"Actor",1422,13240
"Actor",1422,8349
"Director",1422,1032
"Screenplay",1422,34510
"Screenplay",1422,66718
"Screenplay",1422,66719
"Actor",318917,213581
"Actor",318917,17543
"Actor",318917,1874
"Actor",318917,5649
"Actor",318917,139525
"Director",318917,928146
"Writer",318917,928146
"Writer",318917,1488822
"Actor",65,325
"Actor",65,327
"Actor",65,328
"Actor",65,326
"Actor",65,335
"Director",65,323
"Author",65,324
"Actor",372058,225730
"Actor",372058,1369100
"Actor",372058,87637
"Actor",372058,91288
"Actor",372058,1668610
"Director",372058,74091
"Writer",372058,74091
"Actor",395834,17604
"Actor",395834,550843
"Actor",395834,84225
"Actor",395834,205976
"Actor",395834,19498
"Director",395834,1215399
"Writer",395834,1215399
"Actor",390497,75913
"Actor",390497,21688
"Actor",390497,77188
"Actor",390497,578838
"Actor",390497,939137
"Director",390497,1135240
"Writer",390497,1135240
"Actor",281338,1333
"Actor",281338,57755
"Actor",281338,18324
"Actor",281338,58395
"Actor",281338,236696
"Director",281338,32278
"Screenplay",281338,18189
"Screenplay",281338,32278
"Actor",335578,141876
"Actor",335578,1013156
"Actor",335578,34867
"Actor",335578,1037348
"Actor",335578,223477
"Director",335578,114540
"Writer",335578,114540
"Actor",273153,1121169
"Actor",273153,17522
"Actor",273153,49168
"Actor",273153,1164460
"Actor",273153,1132641
"Director",273153,73654
"Screenplay",273153,73654
"Screenplay",273153,1438572
"Actor",157350,94185
"Actor",157350,587020
"Actor",157350,204
"Actor",157350,996701
"Actor",157350,56614
"Director",157350,17329
"Screenplay",157350,176489
"Screenplay",157350,228135
"Actor",339403,1159982
"Actor",339403,1016168
"Actor",339403,1979
"Actor",339403,65717
"Actor",339403,134
"Writer",339403,11090
"Director",339403,11090
"Actor",10086,47820
"Actor",10086,63174
"Actor",10086,63175
"Actor",10086,63242
"Actor",10086,358432
"Director",10086,63174
"Screenplay",10086,63175
"Screenplay",10086,47820
"Screenplay",10086,45774
"Screenplay",10086,63174
"Director",10086,63175
"Director",10086,47820
"Actor",166426,85
"Actor",166426,1017347
"Actor",166426,115150
"Actor",166426,3810
"Actor",166426,118
"Screenplay",166426,2689
"Director",166426,20307
"Director",166426,20308
"Actor",49040,17604
"Actor",49040,3293
"Actor",49040,819
"Actor",49040,349
"Actor",49040,825
"Director",49040,19242
"Screenplay",49040,19242
"Screenplay",49040,57113
"Actor",11953,70131
"Actor",11953,70626
"Actor",11953,70133
"Actor",11953,7453
"Actor",11953,71027
"Director",11953,5026
"Screenplay",11953,5026
"Screenplay",11953,34372
"Actor",8367,1269
"Actor",8367,192
"Actor",8367,2224
"Actor",8367,1161
"Actor",8367,4566
"Director",8367,8300
"Screenplay",8367,2185
"Screenplay",8367,2182
"Actor",73211,1640
"Actor",73211,527696
"Actor",73211,7742
"Actor",73211,527698
"Actor",73211,570310
"Director",73211,7740
"Screenplay",73211,570309
"Screenplay",73211,109005
"Actor",1541,4038
"Actor",1541,16935
"Actor",1541,1037
"Actor",1541,147
"Actor",1541,4443
"Director",1541,578
"Screenplay",1541,17397
"Actor",8736,8293
"Actor",8736,2413
"Actor",8736,24040
"Actor",8736,51325
"Actor",8736,19119
"Director",8736,56225
"Screenplay",8736,56225
"Screenplay",8736,56227
"Actor",411088,82700
"Actor",411088,110129
"Actor",411088,724188
"Actor",411088,34053
"Actor",411088,28509
"Director",411088,1051305
"Writer",411088,1051305
"Actor",297762,90633
"Actor",297762,62064
"Actor",297762,935
"Actor",297762,32
"Actor",297762,6413
"Director",297762,6884
"Writer",297762,211962
"Screenplay",297762,1213170
"Actor",392812,129565
"Actor",392812,1114841
"Actor",392812,39959
"Actor",392812,1078750
"Actor",392812,1169590
"Director",392812,1257841
"Screenplay",392812,1257841
"Actor",334524,10297
"Actor",334524,18997
"Actor",334524,25616
"Actor",334524,1181329
"Actor",334524,57428
"Director",334524,2945
"Writer",334524,20505
"Writer",334524,20506
"Actor",339964,122889
"Actor",339964,1289968
"Actor",339964,2296
"Actor",339964,131519
"Actor",339964,569
"Director",339964,59
"Writer",339964,59
"Actor",374720,1687041
"Actor",374720,1765227
"Actor",374720,145143
"Actor",374720,1334638
"Actor",374720,1052109
"Director",374720,525
"Writer",374720,525
"Actor",274857,56365
"Actor",274857,469759
"Actor",274857,9642
"Actor",274857,938
"Actor",274857,8783
"Director",274857,956
"Screenplay",274857,74569
"Screenplay",274857,41289
"Screenplay",274857,956
"Actor",393519,1144473
"Actor",393519,1438688
"Actor",393519,69197
"Actor",393519,18178
"Actor",393519,23392
"Director",393519,1392433
"Screenplay",393519,1392433
"Actor",432087,146287
"Actor",432087,228714
"Actor",432087,78124
"Actor",432087,931399
"Actor",432087,77122
"Director",432087,17520
"Writer",432087,17520
"Writer",432087,41968
"Writer",432087,931399
"Actor",55787,368
"Actor",55787,11288
"Actor",55787,27319
"Actor",55787,11066
"Actor",55787,3901
"Director",55787,10943
"Screenplay",55787,2163
"Author",55787,234873
"Actor",398924,1624976
"Actor",398924,1624977
"Actor",398924,73827
"Actor",398924,39195
"Actor",398924,28781
"Director",398924,25735
"Screenplay",398924,25735
"Screenplay",398924,1039491
"Actor",82633,10959
"Actor",82633,2524
"Actor",82633,529
"Actor",82633,83002
"Actor",82633,76070
"Screenplay",82633,39516
"Director",82633,53333
"Actor",3683,11864
"Actor",3683,33527
"Actor",3683,17772
"Actor",3683,21179
"Actor",3683,21134
"Director",3683,190
"Screenplay",3683,455
"Screenplay",3683,142
"Actor",25196,1229
"Actor",25196,1579
"Actor",25196,72466
"Actor",25196,3087
"Actor",25196,58535
"Director",25196,65167
"Screenplay",25196,65167
"Actor",324552,6384
"Actor",324552,59270
"Actor",324552,6972
"Actor",324552,2975
"Actor",324552,4238
"Director",324552,40644
"Writer",324552,1076800
"Actor",253239,18177
"Actor",253239,17498
"Actor",253239,3934
"Actor",253239,5201
"Actor",253239,1543580
"Director",253239,10249
"Screenplay",253239,1288681
"Screenplay",253239,10249
"Actor",21575,81051
"Actor",21575,17498
"Actor",21575,89624
"Actor",21575,89625
"Actor",21575,89626
"Director",21575,17496
"Screenplay",21575,89628
"Screenplay",21575,17496
"Actor",44629,968863
"Actor",44629,77335
"Actor",44629,33192
"Actor",44629,529
"Actor",44629,55900
"Director",44629,114334
"Screenplay",44629,114334
"Actor",300,258
"Actor",300,4273
"Actor",300,4274
"Actor",300,4275
"Actor",300,4286
"Director",300,201
"Author",300,201
"Actor",185567,114
"Actor",185567,2178
"Actor",185567,228372
"Actor",185567,1353810
"Actor",185567,113228
"Director",185567,69987
"Screenplay",185567,69987
"Screenplay",185567,52344
"Actor",10315,1461
"Actor",10315,5064
"Actor",10315,17881
"Actor",10315,1532
"Actor",10315,5293
"Director",10315,5655
"Screenplay",10315,5656
"Writer",10315,5655
"Actor",5236,3223
"Actor",5236,5576
"Actor",5236,11705
"Actor",5236,21246
"Actor",5236,6066
"Screenplay",5236,1108
"Director",5236,1108
"Actor",12104,47991
"Actor",12104,71247
"Actor",12104,71248
"Actor",12104,71249
"Actor",12104,994272
"Director",12104,9168
"Screenplay",12104,67273
"Actor",1381,6968
"Actor",1381,3293
"Actor",1381,9560
"Actor",1381,1173
"Actor",1381,230
"Director",1381,6431
"Author",1381,6431
"Author",1381,16836
"Screenplay",1381,6431
"Actor",1491,819
"Actor",1491,13242
"Actor",1491,10860
"Actor",1491,17328
"Actor",1491,1665
"Director",1491,17329
"Screenplay",1491,17329
"Actor",419430,206919
"Actor",419430,1255540
"Actor",419430,2229
"Actor",419430,11367
"Actor",419430,572541
"Director",419430,291263
"Writer",419430,291263
"Actor",263115,6968
"Actor",263115,2387
"Actor",263115,1464650
"Actor",263115,467645
"Actor",263115,39189
"Director",263115,366
"Screenplay",263115,191937
"Screenplay",263115,2199
"Screenplay",263115,366
"Actor",315846,83526
"Actor",315846,87637
"Actor",315846,228079
"Actor",315846,1454976
"Actor",315846,33517
"Director",315846,25645
"Screenplay",315846,25645
"Actor",258480,108916
"Actor",258480,112
"Actor",258480,3497
"Actor",258480,34490
"Actor",258480,496470
"Director",258480,16863
"Screenplay",258480,1034086
"Actor",26502,1009
"Actor",26502,80469
"Actor",26502,18391
"Actor",26502,95563
"Actor",26502,95564
"Director",26502,18574
"Screenplay",26502,18579
"Actor",60243,240240
"Actor",60243,559566
"Actor",60243,229933
"Actor",60243,559567
"Actor",60243,1589296
"Director",60243,229931
"Screenplay",60243,229931
"Actor",257211,380
"Actor",257211,1813
"Actor",257211,14343
"Actor",257211,521563
"Actor",257211,212604
"Director",257211,17698
"Writer",257211,17698
"Actor",294016,17419
"Actor",294016,2882
"Actor",294016,15735
"Actor",294016,18050
"Actor",294016,52849
"Director",294016,6737
"Screenplay",294016,1224748
"Actor",687,4038
"Actor",687,2228
"Actor",687,10360
"Actor",687,10361
"Actor",687,8655
"Director",687,504
"Screenplay",687,10298
"Screenplay",687,504
"Actor",1933,2227
"Actor",1933,2040
"Actor",1933,20051
"Actor",1933,20052
"Actor",1933,20053
"Director",1933,19840
"Writer",1933,19840
"Actor",306819,37632
"Actor",306819,227454
"Actor",306819,73381
"Actor",306819,17064
"Actor",306819,8197
"Director",306819,70500
"Screenplay",306819,1182720
"Actor",28178,1205
"Actor",28178,11148
"Actor",28178,1206
"Actor",28178,11398
"Actor",28178,20376
"Director",28178,5306
"Screenplay",28178,151181
"Actor",374473,1554383
"Actor",374473,1182598
"Actor",374473,1650252
"Actor",374473,1650254
"Actor",374473,229605
"Director",374473,15488
"Screenplay",374473,15490
"Actor",68713,25347
"Actor",68713,17498
"Actor",68713,7275
"Actor",68713,54168
"Actor",68713,931398
"Director",68713,73941
"Screenplay",68713,1088936
"Screenplay",68713,73941
"Actor",313369,30614
"Actor",313369,54693
"Actor",313369,113461
"Actor",313369,14892
"Actor",313369,18999
"Director",313369,136495
"Writer",313369,136495
"Actor",103332,17142
"Actor",103332,35028
"Actor",103332,61659
"Actor",103332,516
"Actor",103332,3131
"Director",103332,16959
"Director",103332,16960
"Screenplay",103332,35028
"Actor",382593,93532
"Actor",382593,76820
"Actor",382593,1422336
"Actor",382593,1139386
"Actor",382593,1422938
"Director",382593,1422940
"Screenplay",382593,144845
"Screenplay",382593,58255
"Actor",369557,1539216
"Actor",369557,86232
"Actor",369557,33394
"Actor",369557,49735
"Actor",369557,1007683
"Director",369557,45117
"Writer",369557,45117
"Actor",415665,575662
"Actor",415665,1008607
"Actor",415665,1508581
"Actor",415665,543513
"Actor",415665,1177678
"Writer",415665,149828
"Director",415665,149828
"Actor",314095,56365
"Actor",314095,11288
"Actor",314095,23459
"Actor",314095,1136406
"Actor",314095,2464
"Director",314095,20561
"Screenplay",314095,20561
"Actor",381288,5530
"Actor",381288,1397778
"Actor",381288,52462
"Actor",381288,1286328
"Actor",381288,1221085
"Director",381288,11614
"Writer",381288,11614
"Actor",966,14528
"Actor",966,3265
"Actor",966,13565
"Actor",966,4960
"Actor",966,14060
"Director",966,14520
"Screenplay",966,14521
"Screenplay",966,6835
"Screenplay",966,7335
"Actor",382591,78423
"Actor",382591,11291
"Actor",382591,90681
"Actor",382591,1576994
"Actor",382591,61364
"Director",382591,1119418
"Screenplay",382591,1119418
"Screenplay",382591,1033621
"Screenplay",382591,1168589
"Actor",381284,40036
"Actor",381284,6944
"Actor",381284,1005852
"Actor",381284,1269
"Actor",381284,205
"Director",381284,1141683
"Screenplay",381284,211980
"Screenplay",381284,1141683
"Actor",277834,1564846
"Actor",277834,18918
"Actor",277834,15298
"Actor",277834,7242
"Actor",277834,55936
"Director",277834,15810
"Director",277834,15811
"Screenplay",277834,1318201
"Actor",290098,123664
"Actor",290098,1537768
"Actor",290098,75913
"Actor",290098,138336
"Actor",290098,93252
"Director",290098,10099
"Writer",290098,10099
"Writer",290098,37928
"Actor",330459,72855
"Actor",330459,8688
"Actor",330459,21088
"Actor",330459,1341
"Actor",330459,77301
"Director",330459,129894
"Screenplay",330459,3288
"Screenplay",330459,19242
"Actor",283366,10912
"Actor",283366,77996
"Actor",283366,2231
"Actor",283366,5309
"Actor",283366,4757
"Director",283366,510
"Screenplay",283366,23447
"Actor",68730,37625
"Actor",68730,1023139
"Actor",68730,13275
"Actor",68730,8785
"Actor",68730,3896
"Screenplay",68730,14393
"Screenplay",68730,1032
"Director",68730,1032
"Actor",333484,5292
"Actor",333484,73457
"Actor",333484,569
"Actor",333484,7132
"Actor",333484,25002
"Director",333484,20907
"Screenplay",333484,1281190
"Screenplay",333484,22814
"Writer",333484,5026
"Writer",333484,7449
"Actor",393457,5292
"Actor",393457,19492
"Actor",393457,196179
"Actor",393457,1607522
"Actor",393457,62649
"Director",393457,5292
"Screenplay",393457,1238222
"Actor",296524,13240
"Actor",296524,6856
"Actor",296524,6949
"Actor",296524,180486
"Actor",296524,527393
"Director",296524,36602
"Screenplay",296524,36603
"Screenplay",296524,112014
"Actor",258230,1523921
"Actor",258230,10205
"Actor",258230,72855
"Actor",258230,20286
"Actor",258230,3896
"Screenplay",258230,1299057
"Director",258230,51894
"Actor",363676,31
"Actor",363676,6383
"Actor",363676,350
"Actor",363676,134531
"Actor",363676,74607
"Director",363676,190
"Screenplay",363676,52000
"Actor",259316,37632
"Actor",259316,72466
"Actor",259316,77795
"Actor",259316,58873
"Actor",259316,998225
"Screenplay",259316,10966
"Director",259316,11343
"Actor",324786,37625
"Actor",324786,65731
"Actor",324786,4937
"Actor",324786,972356
"Actor",324786,20374
"Director",324786,2461
"Screenplay",324786,53972
"Screenplay",324786,137902
"Actor",11421,71507
"Actor",11421,232137
"Actor",11421,32885
"Actor",11421,81822
"Actor",11421,69369
"Director",11421,69371
"Screenplay",11421,69371
"Screenplay",11421,69372
"Actor",68735,52851
"Actor",68735,77700
"Actor",68735,11107
"Actor",68735,1038379
"Actor",68735,55470
"Director",68735,81850
"Screenplay",68735,1997
"Screenplay",68735,81850
"Actor",396535,150903
"Actor",396535,1024395
"Actor",396535,127720
"Actor",396535,1255881
"Actor",396535,1042232
"Screenplay",396535,939147
"Director",396535,939147
"Writer",396535,1629971
"Actor",345920,2888
"Actor",345920,819
"Actor",345920,204
"Actor",345920,454
"Actor",345920,15735
"Writer",345920,34050
"Director",345920,5065
"Actor",274870,72129
"Actor",274870,73457
"Actor",274870,3968
"Actor",274870,2975
"Actor",274870,1271
"Director",274870,77965
"Writer",274870,564940
"Actor",302946,880
"Actor",302946,84223
"Actor",302946,18999
"Actor",302946,19498
"Actor",302946,182272
"Director",302946,77003
"Screenplay",302946,1281388
"Actor",180863,3061
"Actor",180863,9012
"Actor",180863,1125
"Actor",180863,18023
"Actor",180863,1102609
"Director",180863,2034
"Screenplay",180863,8999
"Actor",334543,1717046
"Actor",334543,76788
"Actor",334543,108916
"Actor",334543,1371
"Actor",334543,2227
"Director",334543,1173102
"Screenplay",334543,37268
"Actor",319888,1303037
"Actor",319888,6968
"Actor",319888,4690
"Actor",319888,1198895
"Actor",319888,105563
"Director",319888,974
"Screenplay",319888,1441716
"Screenplay",319888,1441717
"Actor",82702,449
"Actor",82702,112
"Actor",82702,17276
"Actor",82702,24264
"Actor",82702,59174
"Director",82702,69797
"Writer",82702,69797
"Actor",88273,1019
"Actor",88273,227454
"Actor",88273,1013156
"Actor",88273,93236
"Actor",88273,112733
"Director",88273,74752
"Screenplay",88273,74758
"Screenplay",88273,74752
"Actor",18628,24366
"Actor",18628,24540
"Actor",18628,24501
"Actor",18628,35000
"Actor",18628,24477
"Director",18628,25182
"Actor",112198,73827
"Actor",112198,136489
"Actor",112198,48576
"Actor",112198,17896
"Actor",112198,64590
"Writer",112198,58255
"Director",112198,58255
"Director",112198,144845
"Screenplay",112198,144845
"Screenplay",112198,58255
"Writer",112198,144845
"Actor",192767,158637
"Actor",192767,1048644
"Actor",192767,1421431
"Actor",192767,15498
"Actor",192767,17018
"Director",192767,1373168
"Writer",192767,1373168
"Actor",364137,1333461
"Actor",364137,23383
"Actor",364137,47337
"Actor",364137,54675
"Actor",364137,47826
"Director",364137,1333461
"Writer",364137,1333461
"Actor",891,4135
"Actor",891,4483
"Actor",891,5251
"Actor",891,1936
"Actor",891,11066
"Director",891,6349
"Screenplay",891,348
"Screenplay",891,13716
"Screenplay",891,13717
"Actor",13815,75601
"Actor",13815,4808
"Actor",13815,2231
"Actor",13815,10824
"Actor",13815,75602
"Director",13815,52358
"Screenplay",13815,52358
"Actor",265177,86612
"Actor",265177,142689
"Actor",265177,575662
"Actor",265177,142995
"Actor",265177,123185
"Director",265177,143593
"Writer",265177,143593
"Actor",302401,24045
"Actor",302401,94185
"Actor",302401,6832
"Actor",302401,17306
"Actor",302401,207
"Director",302401,1152
"Screenplay",302401,1291827
"Screenplay",302401,1152
"Actor",59440,2524
"Actor",59440,41421
"Actor",59440,1733
"Actor",59440,33192
"Actor",59440,81685
"Director",59440,77003
"Screenplay",59440,77003
"Screenplay",59440,589613
"Screenplay",59440,181550
"Actor",16804,80863
"Actor",16804,21658
"Actor",16804,70626
"Actor",16804,36074
"Actor",16804,80864
"Director",16804,76936
"Screenplay",16804,80862
"Actor",429,190
"Actor",429,3265
"Actor",429,4078
"Actor",429,5813
"Actor",429,5814
"Director",429,4385
"Screenplay",429,5810
"Screenplay",429,4385
"Screenplay",429,5811
"Screenplay",429,5812
"Writer",429,5555
"Writer",429,46418
"Actor",10386,116027
"Actor",10386,12835
"Actor",10386,4491
"Actor",10386,18688
"Actor",10386,4443
"Director",10386,7087
"Screenplay",10386,7087
"Screenplay",10386,77919
"Actor",18947,90451
"Actor",18947,1233
"Actor",18947,7026
"Actor",18947,2440
"Actor",18947,7056
"Director",18947,7018
"Writer",18947,7018
"Actor",9003,14782
"Actor",9003,45588
"Actor",9003,56551
"Actor",9003,56552
"Actor",9003,24737
"Director",9003,31211
"Writer",9003,31211
"Actor",101299,72129
"Actor",101299,27972
"Actor",101299,96066
"Actor",101299,57755
"Actor",101299,9281
"Screenplay",101299,57631
"Screenplay",101299,16961
"Director",101299,10943
"Actor",131631,72129
"Actor",131631,27972
"Actor",131631,96066
"Actor",131631,57755
"Actor",131631,9281
"Director",131631,10943
"Screenplay",131631,35550
"Screenplay",131631,225633
"Actor",131634,72129
"Actor",131634,27972
"Actor",131634,96066
"Actor",131634,57755
"Actor",131634,9281
"Screenplay",131634,35550
"Director",131634,10943
"Screenplay",131634,225633
"Actor",265228,1422247
"Actor",265228,1311790
"Actor",265228,1422248
"Actor",265228,1182758
"Actor",265228,1163059
"Writer",265228,118772
"Writer",265228,1311794
"Director",265228,118772
"Actor",12143,1037
"Actor",12143,2561
"Actor",12143,64239
"Actor",12143,71444
"Actor",12143,3137
"Director",12143,39104
"Screenplay",12143,71443
"Screenplay",12143,39104
"Actor",7984,11856
"Actor",7984,4935
"Actor",7984,7056
"Actor",7984,28743
"Actor",7984,13328
"Director",7984,53334
"Screenplay",7984,53334
"Screenplay",7984,2589
"Actor",770,10538
"Actor",770,11492
"Actor",770,8725
"Actor",770,11493
"Actor",770,11498
"Director",770,9049
"Screenplay",770,11488
"Writer",770,86404
"Writer",770,4341
"Writer",770,82172
"Writer",770,20599
"Actor",76338,74568
"Actor",76338,524
"Actor",76338,91606
"Actor",76338,4173
"Actor",76338,2040
"Director",76338,47005
"Screenplay",76338,5551
"Screenplay",76338,5552
"Screenplay",76338,109542
"Actor",19963,119199
"Actor",19963,24763
"Actor",19963,14606
"Actor",19963,23735
"Actor",19963,1141
"Director",19963,14606
"Screenplay",19963,14606
"Writer",19963,146804
"Writer",19963,14606
"Actor",236735,34021
"Actor",236735,19024
"Actor",236735,3483
"Actor",236735,1071974
"Actor",236735,1413918
"Writer",236735,6521
"Director",236735,6521
"Actor",1164,287
"Actor",1164,112
"Actor",1164,258
"Actor",1164,17476
"Actor",1164,17477
"Director",1164,223
"Screenplay",1164,273
"Actor",194662,2232
"Actor",194662,819
"Actor",194662,54693
"Actor",194662,58225
"Actor",194662,3489
"Director",194662,223
"Screenplay",194662,1281196
"Screenplay",194662,223
"Screenplay",194662,661870
"Screenplay",194662,931800
"Actor",281957,6193
"Actor",281957,2524
"Actor",281957,93491
"Actor",281957,93210
"Actor",281957,220448
"Director",281957,223
"Writer",281957,223
"Writer",281957,64785
"Actor",264660,93210
"Actor",264660,227454
"Actor",264660,25072
"Actor",264660,1457238
"Actor",264660,17199
"Director",264660,2036
"Writer",264660,2036
"Actor",119193,453272
"Actor",119193,4704
"Actor",119193,57298
"Actor",119193,20239
"Actor",119193,7276
"Director",119193,64205
"Actor",49047,18277
"Actor",49047,1461
"Actor",49047,228
"Actor",49047,1223440
"Actor",49047,58587
"Director",49047,11218
"Writer",49047,11218
"Writer",49047,1003190
"Actor",3543,32645
"Actor",3543,30485
"Actor",3543,3785
"Actor",3543,3762
"Actor",3543,32646
"Director",3543,32632
"Screenplay",3543,32633
"Screenplay",3543,32632
"Screenplay",3543,32634
"Actor",3175,31070
"Actor",3175,31071
"Actor",3175,2264
"Actor",3175,37777
"Actor",3175,22703
"Director",3175,240
"Screenplay",3175,240
"Actor",539,7301
"Actor",539,7302
"Actor",539,7303
"Actor",539,7304
"Actor",539,1936
"Director",539,2636
"Screenplay",539,7300
"Actor",255343,1121
"Actor",255343,27972
"Actor",255343,55493
"Actor",255343,1261473
"Actor",255343,78882
"Director",255343,40541
"Screenplay",255343,40541
"Actor",5503,3
"Actor",5503,2176
"Actor",5503,6068
"Actor",5503,1231
"Actor",5503,532
"Director",5503,12989
"Screenplay",5503,7671
"Screenplay",5503,28239
"Actor",1830,2963
"Actor",1830,18354
"Actor",1830,7499
"Actor",1830,569
"Actor",1830,19299
"Director",1830,8685
"Screenplay",1830,8685
"Actor",87827,933160
"Actor",87827,76793
"Actor",87827,935504
"Actor",87827,1133846
"Actor",87827,227849
"Director",87827,1614
"Screenplay",87827,12996
"Actor",227306,85065
"Actor",227306,93210
"Actor",227306,9828
"Actor",227306,1391420
"Actor",227306,168877
"Director",227306,11701
"Screenplay",227306,1224
"Screenplay",227306,1223
"Screenplay",227306,2163
"Screenplay",227306,933
"Actor",409,5469
"Actor",409,1137
"Actor",409,5293
"Actor",409,5470
"Actor",409,5471
"Director",409,2239
"Screenplay",409,2239
"Actor",156022,5292
"Actor",156022,20982
"Actor",156022,56734
"Actor",156022,35029
"Actor",156022,58754
"Director",156022,20907
"Writer",156022,22814
"Actor",226,448
"Actor",226,2838
"Actor",226,133
"Actor",226,2839
"Actor",226,1346644
"Director",226,2836
"Author",226,2836
"Author",226,2837
"Actor",5708,32987
"Actor",5708,2206
"Actor",5708,5644
"Actor",5708,29234
"Actor",5708,45049
"Director",5708,45052
"Screenplay",5708,45053
"Actor",273895,35013
"Actor",273895,207
"Actor",273895,37158
"Actor",273895,3129
"Actor",273895,13309
"Writer",273895,194586
"Director",273895,929825
"Writer",273895,929825
"Actor",253412,76512
"Actor",253412,131
"Actor",253412,16851
"Actor",253412,16861
"Actor",253412,65731
"Screenplay",253412,57631
"Director",253412,67813
"Screenplay",253412,933
"Actor",801,2157
"Actor",801,2178
"Actor",801,11960
"Actor",801,11961
"Actor",801,9257
"Director",801,8246
"Writer",801,11956
"Actor",380,4483
"Actor",380,500
"Actor",380,3124
"Actor",380,2211
"Actor",380,5145
"Director",380,8246
"Screenplay",380,5144
"Screenplay",380,5143
"Actor",819,380
"Actor",819,287
"Actor",819,4724
"Actor",819,12261
"Actor",819,12260
"Director",819,8246
"Screenplay",819,8246
"Actor",23168,880
"Actor",23168,15556
"Actor",23168,17604
"Actor",23168,65717
"Actor",23168,59175
"Director",23168,880
"Screenplay",23168,880
"Screenplay",23168,225633
"Screenplay",23168,39386
"Actor",68734,880
"Actor",68734,1903
"Actor",68734,17419
"Actor",68734,1230
"Actor",68734,59233
"Director",68734,880
"Screenplay",68734,131680
"Actor",116745,7399
"Actor",116745,41091
"Actor",116745,10872
"Actor",116745,4090
"Actor",116745,36801
"Director",116745,7399
"Screenplay",116745,20647
"Actor",87492,4495
"Actor",87492,38673
"Actor",87492,103
"Actor",87492,23459
"Actor",87492,13333
"Director",87492,5345
"Writer",87492,68928
"Writer",87492,5346
"Actor",4553,3894
"Actor",4553,10431
"Actor",4553,37946
"Actor",4553,36900
"Actor",4553,11086
"Director",4553,37948
"Writer",4553,37949
"Actor",158011,4587
"Actor",158011,17140
"Actor",158011,9779
"Actor",158011,67979
"Actor",158011,226501
"Director",158011,37948
"Screenplay",158011,57524
"Actor",207933,3967
"Actor",207933,38941
"Actor",207933,11207
"Actor",207933,2039
"Actor",207933,2282
"Director",207933,37948
"Screenplay",207933,134252
"Actor",117,1269
"Actor",117,738
"Actor",117,1270
"Actor",117,1271
"Actor",117,380
"Director",117,1150
"Writer",117,1255
"Actor",203833,118
"Actor",203833,1008607
"Actor",203833,1639
"Actor",203833,1153024
"Actor",203833,224167
"Director",203833,126945
"Writer",203833,61239
"Actor",629,9045
"Actor",629,1979
"Actor",629,5168
"Actor",629,9046
"Actor",629,7166
"Director",629,9032
"Writer",629,9033
"Actor",127585,6968
"Actor",127585,5530
"Actor",127585,17288
"Actor",127585,72129
"Actor",127585,4587
"Director",127585,9032
"Screenplay",127585,11092
"Actor",269149,417
"Actor",269149,23532
"Actor",269149,446511
"Actor",269149,17605
"Actor",269149,6944
"Director",269149,76595
"Screenplay",269149,1318201
"Director",269149,165787
"Screenplay",269149,567562
"Actor",21191,36586
"Actor",21191,87263
"Actor",21191,87264
"Actor",21191,87266
"Actor",21191,91251
"Director",21191,87257
"Screenplay",21191,87257
"Actor",366885,87915
"Actor",366885,46461
"Actor",366885,87345
"Actor",366885,1532222
"Actor",366885,1077771
"Director",366885,54874
"Actor",197950,56024
"Actor",197950,54291
"Actor",197950,72255
"Actor",197950,67532
"Actor",197950,5442
"Director",197950,1002647
"Screenplay",197950,1002647
"Screenplay",197950,1017274
"Actor",1555,17497
"Actor",1555,2405
"Actor",1555,17521
"Actor",1555,17522
"Actor",1555,17523
"Director",1555,17520
"Screenplay",1555,17520
"Actor",1826,17497
"Actor",1826,17521
"Actor",1826,2405
"Actor",1826,17522
"Actor",1826,19996
"Director",1826,17520
"Screenplay",1826,17520
"Actor",206408,17497
"Actor",206408,2405
"Actor",206408,17522
"Actor",206408,17521
"Actor",206408,65345
"Director",206408,17520
"Writer",206408,17520
"Actor",788,2157
"Actor",788,35
"Actor",788,517
"Actor",788,7420
"Actor",788,11715
"Director",788,10965
"Screenplay",788,11707
"Screenplay",788,11708
"Actor",672,10980
"Actor",672,10989
"Actor",672,10990
"Actor",672,194
"Actor",672,4566
"Director",672,10965
"Screenplay",672,10967
"Actor",77,529
"Actor",77,530
"Actor",77,532
"Actor",77,534
"Actor",77,537
"Director",77,525
"Screenplay",77,525
"Writer",77,527
"Actor",320,1158
"Actor",320,2157
"Actor",320,448
"Actor",320,16307
"Actor",320,42993
"Director",320,525
"Screenplay",320,944480
"Actor",1124,6968
"Actor",1124,3894
"Actor",1124,3895
"Actor",1124,1245
"Actor",1124,1333
"Director",1124,525
"Screenplay",1124,527
"Screenplay",1124,525
"Actor",27205,6193
"Actor",27205,24045
"Actor",27205,27578
"Actor",27205,2524
"Actor",27205,3899
"Director",27205,525
"Writer",27205,525
"Actor",157336,10297
"Actor",157336,83002
"Actor",157336,1813
"Actor",157336,3895
"Actor",157336,1893
"Director",157336,525
"Writer",157336,527
"Writer",157336,525
"Actor",9559,1269
"Actor",9559,190
"Actor",9559,4784
"Actor",9559,64025
"Actor",9559,11367
"Director",9559,190
"Screenplay",9559,54040
"Actor",688,5064
"Actor",688,190
"Actor",688,6907
"Actor",688,10379
"Actor",688,10380
"Director",688,190
"Screenplay",688,2163
"Actor",70,190
"Actor",70,448
"Actor",70,192
"Actor",70,449
"Actor",70,450
"Director",70,190
"Screenplay",70,455
"Actor",1251,3899
"Actor",1251,33515
"Actor",1251,33516
"Actor",1251,33517
"Actor",1251,72202
"Director",1251,190
"Screenplay",1251,455
"Screenplay",1251,33514
"Actor",3580,11701
"Actor",3580,52886
"Actor",3580,6949
"Actor",3580,25879
"Actor",3580,39388
"Director",3580,190
"Screenplay",3580,33045
"Actor",209451,4690
"Actor",209451,85924
"Actor",209451,526727
"Actor",209451,65395
"Actor",209451,9996
"Director",209451,190
"Screenplay",209451,1274515
"Screenplay",209451,10439
"Actor",190859,51329
"Actor",190859,23459
"Actor",190859,59219
"Actor",190859,1530518
"Actor",190859,163139
"Director",190859,190
"Writer",190859,102089
"Writer",190859,1462203
"Writer",190859,1171441
"Writer",190859,1701954
"Actor",135397,73457
"Actor",135397,18997
"Actor",135397,76793
"Actor",135397,7132
"Actor",135397,1108907
"Screenplay",135397,67802
"Screenplay",135397,67803
"Director",135397,930707
"Screenplay",135397,1020013
"Screenplay",135397,930707
"Actor",265195,69310
"Actor",265195,19803
"Actor",265195,3618
"Actor",265195,141455
"Actor",265195,114811
"Director",265195,591600
"Writer",265195,591600
"Actor",244786,996701
"Actor",244786,18999
"Actor",244786,781
"Actor",244786,129104
"Actor",244786,970216
"Director",244786,136495
"Screenplay",244786,136495
"Actor",242582,131
"Actor",242582,14343
"Actor",242582,53240
"Actor",242582,2053
"Actor",242582,97604
"Director",242582,57113
"Screenplay",242582,57113
"Actor",181283,2524
"Actor",181283,64
"Actor",181283,87722
"Actor",181283,57012
"Actor",181283,92404
"Director",181283,125738
"Screenplay",181283,2989
"Actor",9905,17258
"Actor",9905,2040
"Actor",9905,3061
"Actor",9905,25136
"Actor",9905,20056
"Director",9905,2034
"Screenplay",9905,8999
"Actor",627,3061
"Actor",627,1125
"Actor",627,9012
"Actor",627,18023
"Actor",627,9015
"Director",627,2034
"Author",627,8998
"Screenplay",627,8999
"Actor",473,6432
"Actor",473,1173
"Actor",473,6437
"Actor",473,6439
"Actor",473,177560
"Director",473,6431
"Screenplay",473,6431
"Screenplay",473,6432
"Screenplay",473,6433
"Actor",1907,6193
"Actor",1907,19866
"Actor",1907,3063
"Actor",1907,19163
"Actor",1907,19867
"Director",1907,2034
"Screenplay",1907,8999
"Actor",12405,76788
"Actor",12405,76792
"Actor",12405,72118
"Actor",12405,72119
"Actor",12405,76789
"Director",12405,2034
"Screenplay",12405,57631
"Director",12405,6508
"Actor",68727,5530
"Actor",68727,1925
"Actor",68727,5916
"Actor",68727,219737
"Actor",68727,165424
"Director",68727,2034
"Writer",68727,8999
"Writer",68727,190341
"Actor",321697,17288
"Actor",321697,204
"Actor",321697,19274
"Actor",321697,77795
"Actor",321697,8447
"Director",321697,2034
"Writer",321697,13520
"Actor",641,9560
"Actor",641,7499
"Actor",641,6161
"Actor",641,9562
"Actor",641,4443
"Director",641,6431
"Screenplay",641,9535
"Screenplay",641,6431
"Actor",513138,6431
"Actor",513138,524
"Actor",513138,1920
"Actor",513138,18973
"Actor",513138,1925
"Director",513138,1116095
"Actor",77016,131
"Actor",77016,454
"Actor",77016,76511
"Actor",77016,84223
"Actor",77016,35029
"Director",77016,19769
"Screenplay",77016,19769
"Actor",228150,287
"Actor",228150,10959
"Actor",228150,33235
"Actor",228150,454
"Actor",228150,19498
"Director",228150,19769
"Writer",228150,19769
"Actor",837,4512
"Actor",837,12482
"Actor",837,102
"Actor",837,12483
"Actor",837,12485
"Director",837,224
"Writer",837,224
"Actor",59,110
"Actor",59,49
"Actor",59,226
"Actor",59,225
"Actor",59,227
"Director",59,224
"Screenplay",59,305
"Actor",2252,3489
"Actor",2252,110
"Actor",2252,1925
"Actor",2252,12647
"Actor",2252,11281
"Director",2252,224
"Screenplay",2252,23227
"Actor",205587,3087
"Actor",205587,3223
"Actor",205587,21657
"Actor",205587,7132
"Actor",205587,239271
"Director",205587,42994
"Screenplay",205587,1281388
"Screenplay",205587,74315
"Actor",8077,10205
"Actor",8077,17764
"Actor",8077,4391
"Actor",8077,4935
"Actor",8077,53916
"Director",8077,7467
"Screenplay",8077,915
"Screenplay",8077,1723
"Screenplay",8077,912
"Actor",550,819
"Actor",550,287
"Actor",550,1283
"Actor",550,7470
"Actor",550,7499
"Director",550,7467
"Screenplay",550,7469
"Actor",1949,131
"Actor",1949,103
"Actor",1949,11085
"Actor",1949,3223
"Actor",1949,1248
"Screenplay",1949,20204
"Director",1949,7467
"Actor",37799,44735
"Actor",37799,37625
"Actor",37799,12111
"Actor",37799,53807
"Actor",37799,2978
"Screenplay",37799,13520
"Director",37799,7467
"Actor",209361,55466
"Actor",209361,237020
"Actor",209361,477
"Actor",209361,17782
"Actor",209361,62932
"Director",209361,5065
"Screenplay",209361,52599
"Actor",72559,18918
"Actor",72559,51976
"Actor",72559,88995
"Actor",72559,62
"Actor",72559,11007
"Writer",72559,7932
"Writer",72559,91269
"Director",72559,54507
"Actor",1955,4173
"Actor",1955,5049
"Actor",1955,10774
"Actor",1955,11857
"Actor",1955,13325
"Director",1955,5602
"Screenplay",1955,5602
"Screenplay",1955,32478
"Screenplay",1955,32477
"Actor",793,6588
"Actor",793,6677
"Actor",793,2778
"Actor",793,4784
"Actor",793,3382
"Director",793,5602
"Screenplay",793,5602
"Actor",45317,13240
"Actor",45317,3894
"Actor",45317,9273
"Actor",45317,6832
"Actor",45317,1415263
"Director",45317,17883
"Screenplay",45317,324
"Screenplay",45317,86525
"Screenplay",45317,132983
"Actor",82693,51329
"Actor",82693,72129
"Actor",82693,380
"Actor",82693,67837
"Actor",82693,66
"Director",82693,17883
"Screenplay",82693,17883
"Actor",767,10980
"Actor",767,10989
"Actor",767,10990
"Actor",767,10993
"Actor",767,5658
"Director",767,11343
"Screenplay",767,10967
"Actor",12444,10980
"Actor",12444,10990
"Actor",12444,10989
"Actor",12444,5469
"Actor",12444,1283
"Director",12444,11343
"Screenplay",12444,10967
"Actor",12445,10980
"Actor",12445,10989
"Actor",12445,10990
"Actor",12445,4566
"Actor",12445,5469
"Director",12445,11343
"Screenplay",12445,10967
"Actor",22302,88592
"Actor",22302,32890
"Actor",22302,81418
"Actor",22302,461309
"Actor",22302,198715
"Director",22302,137427
"Writer",22302,137427
"Writer",22302,1273920
"Writer",22302,1020750
"Actor",46738,77498
"Actor",46738,84573
"Actor",46738,88592
"Actor",46738,38526
"Actor",46738,196737
"Director",46738,137427
"Writer",46738,1124448
"Writer",46738,137427
"Actor",146233,6968
"Actor",146233,131
"Actor",146233,17142
"Actor",146233,49
"Actor",146233,6832
"Director",146233,137427
"Writer",146233,935990
"Actor",181886,131
"Actor",181886,19119
"Actor",181886,190895
"Actor",181886,6588
"Actor",181886,5925
"Director",181886,137427
"Writer",181886,77125
"Actor",273481,5081
"Actor",273481,1121
"Actor",273481,16851
"Actor",273481,8536
"Actor",273481,19498
"Director",273481,137427
"Writer",273481,1215399
"Actor",26466,27755
"Actor",26466,96066
"Actor",26466,62754
"Actor",26466,77767
"Actor",26466,76068
"Director",26466,41041
"Writer",26466,41041
"Actor",137113,500
"Actor",137113,5081
"Actor",137113,2039
"Actor",137113,2053
"Actor",137113,119224
"Director",137113,11694
"Screenplay",137113,9033
"Screenplay",137113,21339
"Screenplay",137113,120254
"Actor",17431,6807
"Actor",17431,1979
"Actor",17431,115146
"Actor",17431,115147
"Actor",17431,115149
"Director",17431,81850
"Screenplay",17431,89287
"Actor",45612,131
"Actor",45612,11705
"Actor",45612,21657
"Actor",45612,82417
"Actor",45612,83874
"Director",45612,81850
"Writer",45612,58709
"Actor",11216,24366
"Actor",11216,20030
"Actor",11216,27643
"Actor",11216,68635
"Actor",11216,120152
"Director",11216,65314
"Screenplay",11216,65314
"Actor",9665,4756
"Actor",9665,5292
"Actor",9665,2130
"Actor",9665,192
"Actor",9665,58426
"Director",9665,9181
"Screenplay",9665,7781
"Actor",4476,287
"Actor",4476,4173
"Actor",4476,18992
"Actor",4476,15887
"Actor",4476,9976
"Director",4476,9181
"Screenplay",4476,37427
"Screenplay",4476,21864
"Actor",616,500
"Actor",616,3899
"Actor",616,7676
"Actor",616,9186
"Actor",616,9188
"Director",616,9181
"Screenplay",616,932
"Screenplay",616,9181
"Screenplay",616,9182
"Actor",245698,2219
"Actor",245698,4888
"Actor",245698,133
"Actor",245698,23626
"Actor",245698,1008607
"Director",245698,9181
"Screenplay",245698,23227
"Screenplay",245698,17786
"Screenplay",245698,17785
"Actor",220,2749
"Actor",220,2750
"Actor",220,2669
"Actor",220,2751
"Actor",220,2752
"Director",220,2746
"Author",220,2747
"Author",220,2748
"Actor",59468,8349
"Actor",59468,2880
"Actor",59468,13549
"Actor",59468,31387
"Actor",59468,34715
"Director",59468,2880
"Screenplay",59468,2880
"Writer",59468,1047946
"Actor",11044,85
"Actor",11044,3663
"Actor",11044,6450
"Actor",11044,3127
"Actor",11044,22461
"Director",11044,15254
"Screenplay",11044,67910
"Actor",329819,1437681
"Actor",329819,50
"Actor",329819,17074
"Actor",329819,5442
"Actor",329819,1363549
"Director",329819,25340
"Screenplay",329819,25340
"Screenplay",329819,40302
"Actor",1954,18976
"Actor",1954,4766
"Actor",1954,20189
"Actor",1954,20220
"Actor",1954,10128
"Director",1954,20218
"Screenplay",1954,20219
"Director",1954,20219
"Screenplay",1954,20218
"Actor",304410,1352046
"Actor",304410,13688
"Actor",304410,24041
"Actor",304410,24465
"Actor",304410,544666
"Director",304410,85340
"Screenplay",304410,19074
"Writer",304410,1526756
"Actor",11673,16927
"Actor",11673,70182
"Actor",11673,20239
"Actor",11673,24683
"Actor",11673,81821
"Director",11673,25950
"Screenplay",11673,25950
"Screenplay",11673,9747
"Actor",277216,1371398
"Actor",277216,1154054
"Actor",277216,1115984
"Actor",277216,55091
"Actor",277216,83860
"Director",277216,37932
"Screenplay",277216,989235
"Screenplay",277216,211197
"Actor",137182,82423
"Actor",137182,115742
"Actor",137182,1106961
"Actor",137182,220295
"Actor",137182,1106962
"Director",137182,239672
"Screenplay",137182,221028
"Screenplay",137182,239672
"Actor",598,8595
"Actor",598,8596
"Actor",598,8597
"Actor",598,8598
"Actor",598,8599
"Director",598,8557
"Author",598,8560
"Screenplay",598,8561
"Screenplay",598,8560
"Actor",240,1158
"Actor",240,3087
"Actor",240,3092
"Actor",240,380
"Actor",240,3096
"Director",240,1776
"Screenplay",240,1776
"Screenplay",240,3083
"Actor",242,1158
"Actor",242,3092
"Actor",242,3094
"Actor",242,1271
"Actor",242,3265
"Director",242,1776
"Screenplay",242,3083
"Screenplay",242,1776
"Actor",6114,64
"Actor",6114,1920
"Actor",6114,4173
"Actor",6114,6384
"Actor",6114,20766
"Director",6114,1776
"Screenplay",6114,10295
"Actor",6479,2888
"Actor",6479,8602
"Actor",6479,49918
"Actor",6479,53918
"Actor",6479,49920
"Director",6479,10943
"Screenplay",6479,6854
"Screenplay",6479,5575
"Actor",5924,13565
"Actor",5924,4483
"Actor",5924,15666
"Actor",5924,14062
"Actor",5924,2516
"Director",5924,13265
"Screenplay",5924,11993
"Screenplay",5924,10931
"Actor",204082,976
"Actor",204082,17051
"Actor",204082,1109976
"Actor",204082,1920
"Actor",204082,58168
"Director",204082,5501
"Screenplay",204082,16483
"Actor",70160,72129
"Actor",70160,27972
"Actor",70160,96066
"Actor",70160,57755
"Actor",70160,9281
"Director",70160,23964
"Screenplay",70160,23964
"Screenplay",70160,21807
"Screenplay",70160,189111
"Actor",979,28782
"Actor",979,1925
"Actor",979,14606
"Actor",979,14610
"Actor",979,5444
"Director",979,14597
"Writer",979,14597
"Actor",34647,112741
"Actor",34647,59882
"Actor",34647,112745
"Actor",34647,545627
"Actor",34647,112743
"Director",34647,14597
"Writer",34647,14597
"Actor",10316,30614
"Actor",10316,1461
"Actor",10316,1233
"Actor",10316,13242
"Actor",10316,38940
"Director",10316,1461
"Screenplay",10316,64817
"Screenplay",10316,1461
"Screenplay",10316,31511
"Actor",8810,2461
"Actor",8810,27752
"Actor",8810,47461
"Actor",8810,121417
"Actor",8810,26491
"Director",8810,20629
"Screenplay",8810,11452
"Screenplay",8810,20629
"Writer",8810,55992
"Actor",76341,2524
"Actor",76341,6885
"Actor",76341,3292
"Actor",76341,26060
"Actor",76341,1056053
"Writer",76341,1027146
"Director",76341,20629
"Writer",76341,20629
"Writer",76341,1468313
"Actor",314402,1470255
"Actor",314402,1470256
"Actor",314402,1470257
"Actor",314402,54233
"Actor",314402,1012123
"Director",314402,17496
"Screenplay",314402,17496
"Screenplay",314402,89628
"Screenplay",314402,1169243
"Actor",11978,380
"Actor",11978,9777
"Actor",11978,6885
"Actor",11978,53923
"Actor",11978,11066
"Director",11978,66121
"Screenplay",11978,69144
"Actor",256591,2888
"Actor",256591,234352
"Actor",256591,17289
"Actor",256591,39545
"Actor",256591,29512
"Director",256591,56411
"Director",256591,56412
"Writer",256591,56412
"Writer",256591,56411
"Actor",157825,94185
"Actor",157825,10912
"Actor",157825,22227
"Actor",157825,79795
"Actor",157825,109560
"Director",157825,19224
"Screenplay",157825,19224
"Actor",6145,4173
"Actor",6145,30614
"Actor",6145,11064
"Actor",6145,10882
"Actor",6145,6368
"Screenplay",6145,29378
"Screenplay",6145,48137
"Director",6145,17812
"Actor",10795,33161
"Actor",10795,8791
"Actor",10795,5470
"Actor",10795,7693
"Actor",10795,18177
"Director",10795,19866
"Screenplay",10795,19866
"Actor",489,1892
"Actor",489,2157
"Actor",489,880
"Actor",489,1640
"Actor",489,6613
"Director",489,5216
"Writer",489,1892
"Writer",489,880
"Actor",100,973
"Actor",100,974
"Actor",100,975
"Actor",100,976
"Actor",100,980
"Director",100,956
"Screenplay",100,956
"Actor",10528,3223
"Actor",10528,9642
"Actor",10528,53714
"Actor",10528,2983
"Actor",10528,1665
"Director",10528,956
"Screenplay",10528,71244
"Screenplay",10528,11092
"Screenplay",10528,112689
"Actor",203801,73968
"Actor",203801,53807
"Actor",203801,227454
"Actor",203801,1133349
"Actor",203801,90325
"Director",203801,956
"Screenplay",203801,956
"Screenplay",203801,41289
"Actor",137,1532
"Actor",137,1533
"Actor",137,1534
"Actor",137,537
"Actor",137,1535
"Director",137,1524
"Screenplay",137,1526
"Screenplay",137,1524
"Actor",11621,70046
"Actor",11621,70047
"Actor",11621,70048
"Actor",11621,20334
"Actor",11621,90133
"Director",11621,608
"Screenplay",11621,608
"Actor",128,622
"Actor",128,20330
"Actor",128,20331
"Actor",128,20332
"Actor",128,20333
"Director",128,608
"Screenplay",128,608
"Actor",129,19587
"Actor",129,19588
"Actor",129,19589
"Actor",129,119243
"Actor",129,19594
"Director",129,608
"Writer",129,608
"Actor",68558,62892
"Actor",68558,36324
"Actor",68558,1192096
"Actor",68558,1472849
"Actor",68558,71390
"Director",68558,60351
"Writer",68558,1317412
"Actor",149871,1115687
"Actor",149871,120690
"Actor",149871,70627
"Actor",149871,90570
"Actor",149871,148286
"Director",149871,628
"Screenplay",149871,1129392
"Screenplay",149871,628
"Actor",200505,1269
"Actor",200505,9278
"Actor",200505,11824
"Actor",200505,16431
"Actor",200505,53256
"Director",200505,8858
"Screenplay",200505,1274505
"Screenplay",200505,1274506
"Actor",241239,25072
"Actor",241239,83002
"Actor",241239,13
"Actor",241239,78050
"Actor",241239,35013
"Director",241239,556172
"Screenplay",241239,556172
"Actor",54138,62064
"Actor",54138,17306
"Actor",54138,8691
"Actor",54138,1372
"Actor",54138,11108
"Screenplay",54138,15345
"Screenplay",54138,28974
"Screenplay",54138,15346
"Director",54138,15344
"Actor",140607,3
"Actor",140607,2
"Actor",140607,4
"Actor",140607,1023139
"Actor",140607,1315036
"Director",140607,15344
"Screenplay",140607,15344
"Screenplay",140607,8844
"Writer",140607,16961
"Actor",168259,12835
"Actor",168259,8167
"Actor",168259,18918
"Actor",168259,17647
"Actor",168259,8169
"Writer",168259,58191
"Director",168259,2127
"Actor",10227,5763
"Actor",10227,67960
"Actor",10227,18242
"Actor",10227,39145
"Actor",10227,1921077
"Director",10227,5763
"Screenplay",10227,5774
"Screenplay",10227,5763
"Screenplay",10227,67961
"Actor",679,10205
"Actor",679,2712
"Actor",679,781
"Actor",679,2714
"Actor",679,10206
"Director",679,2710
"Screenplay",679,2710
"Actor",19995,65731
"Actor",19995,8691
"Actor",19995,32747
"Actor",19995,10205
"Actor",19995,59231
"Director",19995,2710
"Writer",19995,2710
"Actor",152599,8293
"Actor",152599,17604
"Actor",152599,73421
"Actor",152599,52776
"Actor",152599,1142686
"Director",152599,20561
"Writer",152599,20561
"Writer",152599,1133010
"Actor",118340,73457
"Actor",118340,8691
"Actor",118340,543530
"Actor",118340,12835
"Actor",118340,51329
"Director",118340,15218
"Writer",118340,1171123
"Writer",118340,15218
"Actor",1245,4173
"Actor",1245,7056
"Actor",1245,1292
"Actor",1245,20006
"Actor",1245,3291
"Director",1245,54441
"Screenplay",1245,54443
"Actor",284689,227454
"Actor",284689,239019
"Actor",284689,1303037
"Actor",284689,228866
"Actor",284689,17287
"Director",284689,211659
"Writer",284689,55691
"Actor",266856,37632
"Actor",266856,72855
"Actor",266856,23458
"Actor",266856,1639
"Actor",266856,16358
"Director",266856,76998
"Screenplay",266856,1041394
"Actor",713,18686
"Actor",713,1037
"Actor",713,4783
"Actor",713,10690
"Actor",713,7248
"Director",713,10757
"Screenplay",713,10757
"Actor",214910,75912
"Actor",214910,1207629
"Actor",214910,64455
"Actor",214910,1292971
"Actor",214910,1024396
"Writer",214910,1282607
"Director",214910,68905
"Actor",130150,16851
"Actor",130150,204
"Actor",130150,117885
"Actor",130150,2219
"Actor",130150,995198
"Director",130150,52443
"Screenplay",130150,52443
"Actor",225574,3896
"Actor",225574,1231
"Actor",225574,59233
"Actor",225574,70904
"Actor",225574,77277
"Director",225574,59521
"Screenplay",225574,1211005
"Screenplay",225574,1211006
"Screenplay",225574,1325800
"Actor",9736,14606
"Actor",9736,8791
"Actor",9736,4289
"Actor",9736,63895
"Actor",9736,25116
"Director",9736,37633
"Screenplay",9736,37633
"Screenplay",9736,63896
"Screenplay",9736,63897
"Screenplay",9736,63898
"Actor",192,738
"Actor",192,1164
"Actor",192,2224
"Actor",192,2367
"Actor",192,2368
"Director",192,2352
"Screenplay",192,2355
"Screenplay",192,2356
"Screenplay",192,2357
"Screenplay",192,2358
"Writer",192,2353
"Actor",978,287
"Actor",978,14591
"Actor",978,11207
"Actor",978,14592
"Actor",978,10134
"Director",978,2352
"Screenplay",978,14588
"Actor",152532,10297
"Actor",152532,9278
"Actor",152532,7499
"Actor",152532,81681
"Actor",152532,18324
"Director",152532,69371
"Screenplay",152532,1133294
"Screenplay",152532,74342
"Actor",228970,368
"Actor",228970,4784
"Actor",228970,1218218
"Actor",228970,1223463
"Actor",228970,91520
"Director",228970,69371
"Writer",228970,3225
"Author",228970,1263516
"Actor",8078,10205
"Actor",8078,1920
"Actor",8078,1370
"Actor",8078,2372
"Actor",8078,7486
"Director",8078,2419
"Screenplay",8078,12891
"Actor",194,2405
"Actor",194,2406
"Actor",194,2407
"Actor",194,2408
"Actor",194,1654
"Author",194,2420
"Author",194,2419
"Director",194,2419
"Actor",157841,1043693
"Actor",157841,1283
"Actor",157841,351
"Actor",157841,540
"Actor",157841,51042
"Director",157841,2419
"Writer",157841,2419
"Author",157841,1175954
"Screenplay",157841,2420
"Actor",64720,335
"Actor",64720,83002
"Actor",64720,59450
"Actor",64720,74242
"Actor",64720,1472
"Director",64720,71872
"Screenplay",64720,71872
"Actor",103731,10297
"Actor",103731,1034681
"Actor",103731,1171570
"Actor",103731,9880
"Actor",103731,368
"Director",103731,71872
"Writer",103731,71872
"Actor",4104,85
"Actor",4104,31140
"Actor",4104,18992
"Actor",4104,1231
"Actor",4104,17485
"Director",4104,34682
"Writer",4104,174330
"Writer",4104,983116
"Actor",251,723
"Actor",251,3416
"Actor",251,2395
"Actor",251,3417
"Actor",251,3418
"Director",251,3415
"Writer",251,3431
"Actor",1554,2887
"Actor",1554,6394
"Actor",1554,4818
"Actor",1554,9235
"Actor",1554,6913
"Director",1554,4429
"Author",1554,4429
"Actor",4816,2178
"Actor",4816,19183
"Actor",4816,39596
"Actor",4816,14731
"Actor",4816,2561
"Director",4816,4429
"Screenplay",4816,4429
"Actor",152603,91606
"Actor",152603,3063
"Actor",152603,76070
"Actor",152603,5049
"Actor",152603,21028
"Director",152603,4429
"Writer",152603,4429
"Actor",7445,2219
"Actor",7445,131
"Actor",7445,524
"Actor",7445,9880
"Actor",7445,51544
"Director",7445,53334
"Screenplay",7445,9813
"Writer",7445,1012
"Writer",7445,1011
"Actor",31900,24465
"Actor",31900,113608
"Actor",31900,119499
"Actor",31900,17005
"Actor",31900,54327
"Director",31900,119498
"Screenplay",31900,119498
"Actor",331,4783
"Actor",331,3905
"Actor",331,4939
"Actor",331,4940
"Actor",331,4941
"Director",331,4945
"Writer",331,4946
"Writer",331,13235
"Writer",331,4948
"Actor",307081,131
"Actor",307081,53714
"Actor",307081,2178
"Actor",307081,1423519
"Actor",307081,62644
"Director",307081,20907
"Writer",307081,200043
"Actor",290,1241
"Actor",290,1230
"Actor",290,351
"Actor",290,4250
"Actor",290,4252
"Director",290,1223
"Screenplay",290,1223
"Screenplay",290,1224
"Actor",115,1229
"Actor",115,1230
"Actor",115,884
"Actor",115,1231
"Actor",115,1233
"Director",115,1223
"Writer",115,1224
"Writer",115,1223
"Actor",6977,2176
"Actor",6977,3810
"Actor",6977,16851
"Actor",6977,57755
"Actor",6977,9015
"Screenplay",6977,1223
"Screenplay",6977,1224
"Director",6977,1223
"Director",6977,1224
"Author",6977,51736
"Actor",1551,2628
"Actor",1551,1204
"Actor",1551,4724
"Actor",1551,13021
"Actor",1551,17485
"Director",1551,5572
"Writer",1551,56973
"Actor",1817,72466
"Actor",1817,2628
"Actor",1817,2178
"Actor",1817,8329
"Actor",1817,3897
"Director",1817,5572
"Screenplay",1817,19266
"Actor",198277,103
"Actor",198277,116
"Actor",198277,217371
"Actor",198277,130640
"Actor",198277,2229
"Director",198277,45117
"Writer",198277,45117
"Actor",1091,6856
"Actor",1091,65827
"Actor",1091,11065
"Actor",1091,15417
"Actor",1091,15413
"Director",1091,11770
"Screenplay",1091,15406
"Actor",1366,16483
"Actor",1366,3094
"Actor",1366,4521
"Actor",1366,1101
"Actor",1366,16523
"Director",1366,16513
"Screenplay",1366,16483
"Actor",20766,110
"Actor",20766,113505
"Actor",20766,6885
"Actor",20766,3087
"Actor",20766,529
"Director",20766,53333
"Screenplay",20766,57573
"Actor",2108,1904
"Actor",2108,21625
"Actor",2108,2880
"Actor",2108,21624
"Actor",2108,12851
"Screenplay",2108,11505
"Director",2108,11505
"Actor",140823,7056
"Actor",140823,31
"Actor",140823,13242
"Actor",140823,72466
"Actor",140823,47720
"Director",140823,54040
"Writer",140823,940376
"Writer",140823,75511
"Actor",106,1100
"Actor",106,1101
"Actor",106,1102
"Actor",106,1103
"Actor",106,1106
"Director",106,1090
"Author",106,1092
"Author",106,1094
"Actor",1669,7447
"Actor",1669,738
"Actor",1669,349
"Actor",1669,4783
"Actor",1669,15152
"Director",1669,1090
"Screenplay",1669,912
"Screenplay",1669,59906
"Actor",1572,62
"Actor",1572,16940
"Actor",1572,2231
"Actor",1572,6804
"Actor",1572,13023
"Director",1572,1090
"Screenplay",1572,7670
"Screenplay",1572,876
"Actor",9387,1100
"Actor",9387,15152
"Actor",9387,2201
"Actor",9387,45378
"Actor",9387,98473
"Director",9387,8328
"Screenplay",9387,8328
"Screenplay",9387,1152
"Actor",3116,10127
"Actor",3116,4483
"Actor",3116,19335
"Actor",3116,1943
"Actor",3116,30585
"Director",3116,19304
"Screenplay",3116,14677
"Actor",85889,5530
"Actor",85889,478
"Actor",85889,1665
"Actor",85889,17606
"Actor",85889,130977
"Director",85889,76965
"Screenplay",85889,76965
"Actor",773,17141
"Actor",773,3051
"Actor",773,4495
"Actor",773,17142
"Actor",773,17140
"Director",773,16959
"Director",773,16960
"Writer",773,16961
"Actor",274,1038
"Actor",274,4173
"Actor",274,349
"Actor",274,15854
"Actor",274,16293
"Director",274,16294
"Screenplay",274,57862
"Actor",9800,31
"Actor",9800,5292
"Actor",9800,4765
"Actor",9800,2453
"Actor",9800,3131
"Director",9800,16294
"Author",9800,59330
"Actor",75612,500
"Actor",75612,192
"Actor",75612,18182
"Actor",75612,127558
"Actor",75612,12795
"Director",75612,86270
"Screenplay",75612,99411
"Screenplay",75612,16961
"Actor",222935,94185
"Actor",222935,1159982
"Actor",222935,232006
"Actor",222935,4784
"Actor",222935,131006
"Screenplay",222935,77950
"Screenplay",222935,77951
"Director",222935,1053420
"Actor",115782,18976
"Actor",115782,20212
"Actor",115782,58370
"Actor",115782,4512
"Actor",115782,54415
"Director",115782,64139
"Writer",115782,1126232
"Actor",99861,3223
"Actor",99861,16828
"Actor",99861,74568
"Actor",99861,103
"Actor",99861,1245
"Director",99861,12891
"Writer",99861,12891
"Actor",80278,3489
"Actor",80278,3061
"Actor",80278,1136406
"Actor",80278,1304662
"Actor",80278,1207881
"Director",80278,51894
"Writer",80278,51895
"Actor",198663,527393
"Actor",198663,115150
"Actor",198663,1310760
"Actor",198663,78062
"Actor",198663,1389339
"Director",198663,1179066
"Screenplay",198663,1257095
"Screenplay",198663,1227160
"Screenplay",198663,1257144
"Actor",97630,83002
"Actor",97630,76512
"Actor",97630,2983
"Actor",97630,33192
"Actor",97630,73457
"Director",97630,14392
"Writer",97630,51686
"Actor",581,1269
"Actor",581,1581
"Actor",581,6804
"Actor",581,7853
"Actor",581,7862
"Director",581,1269
"Screenplay",581,7844
"Actor",2013,8789
"Actor",2013,8925
"Actor",2013,8791
"Actor",2013,7276
"Actor",2013,7275
"Director",2013,7482
"Screenplay",2013,3558
"Actor",6478,1979
"Actor",6478,7517
"Actor",6478,1230
"Actor",6478,382
"Actor",6478,4154
"Director",6478,1979
"Screenplay",6478,1979
"Screenplay",6478,52035
"Actor",43920,108534
"Actor",43920,133917
"Actor",43920,133918
"Actor",43920,1332726
"Actor",43920,133919
"Director",43920,129879
"Screenplay",43920,129882
"Screenplay",43920,129879
"Actor",11344,25002
"Actor",11344,116175
"Actor",11344,69080
"Actor",11344,68903
"Actor",11344,1299287
"Director",11344,69081
"Screenplay",11344,69081
"Actor",15067,20738
"Actor",15067,25002
"Actor",15067,17120
"Actor",15067,141541
"Actor",15067,88298
"Screenplay",15067,84715
"Director",15067,69081
"Screenplay",15067,69081
"Actor",49797,25002
"Actor",49797,64880
"Actor",49797,20264
"Actor",49797,87090
"Actor",49797,1340711
"Screenplay",49797,557736
"Director",49797,69081
"Screenplay",49797,69081
"Actor",269494,115290
"Actor",269494,138336
"Actor",269494,578838
"Actor",269494,1044800
"Actor",269494,1372475
"Writer",269494,1135240
"Director",269494,1135240
"Writer",269494,1771406
"Actor",2457,25154
"Actor",2457,25155
"Actor",2457,24476
"Actor",2457,25156
"Actor",2457,25157
"Director",2457,25161
"Screenplay",2457,25162
"Actor",62215,205
"Actor",62215,4273
"Actor",62215,2628
"Actor",62215,44079
"Actor",62215,5049
"Director",62215,42
"Screenplay",62215,42
"Actor",1571,62
"Actor",1571,15033
"Actor",1571,18082
"Actor",1571,7248
"Actor",1571,21045
"Director",1571,3950
"Screenplay",1571,18189
"Actor",14794,56890
"Actor",14794,138563
"Actor",14794,1234484
"Actor",14794,1040441
"Actor",14794,1040442
"Director",14794,78157
"Screenplay",14794,97164
"Writer",14794,20911
"Actor",101,1003
"Actor",101,524
"Actor",101,64
"Actor",101,1004
"Actor",101,1005
"Director",101,59
"Screenplay",101,59
"Actor",866,85
"Actor",866,204
"Actor",866,1666
"Actor",866,4483
"Actor",866,1281
"Director",866,12995
"Screenplay",866,12996
"Author",866,13002
"Screenplay",866,13002
"Actor",8438,2224
"Actor",8438,4724
"Actor",8438,64
"Actor",8438,6368
"Actor",8438,3905
"Director",8438,54971
"Screenplay",8438,54972
"Actor",19913,24045
"Actor",19913,11664
"Actor",19913,56734
"Actor",19913,5375
"Actor",19913,5661
"Director",19913,87742
"Screenplay",19913,77950
"Screenplay",19913,77951
"Actor",303483,72590
"Actor",303483,1385599
"Actor",303483,1385600
"Actor",303483,7280
"Actor",303483,1383898
"Director",303483,46295
"Writer",303483,46295
"Writer",303483,1385599
"Actor",14574,77996
"Actor",14574,224188
"Actor",14574,21657
"Actor",14574,11207
"Actor",14574,36669
"Director",14574,55299
"Screenplay",14574,55299
"Actor",36557,8784
"Actor",36557,10912
"Actor",36557,1019
"Actor",36557,5309
"Actor",36557,2954
"Director",36557,10702
"Screenplay",36557,10782
"Screenplay",36557,10783
"Screenplay",36557,455
"Actor",1578,380
"Actor",1578,4517
"Actor",1578,14702
"Actor",1578,7164
"Actor",1578,17651
"Director",1578,1032
"Screenplay",1578,1035
"Screenplay",1578,2554
"Actor",11873,3636
"Actor",11873,500
"Actor",11873,1161
"Actor",11873,4160
"Actor",11873,1241
"Director",11873,1032
"Screenplay",11873,2989
"Actor",524,380
"Actor",524,4430
"Actor",524,4517
"Actor",524,4512
"Actor",524,7167
"Director",524,1032
"Screenplay",524,1032
"Screenplay",524,7163
"Actor",3131,6193
"Actor",3131,11856
"Actor",3131,6941
"Actor",3131,3896
"Actor",3131,2039
"Director",3131,1032
"Screenplay",3131,14393
"Screenplay",3131,2260
"Screenplay",3131,30711
"Actor",11324,6193
"Actor",11324,103
"Actor",11324,2282
"Actor",11324,1246
"Actor",11324,1812
"Director",11324,1032
"Screenplay",11324,20294
"Actor",406,1925
"Actor",406,5418
"Actor",406,5419
"Actor",406,5420
"Actor",406,72270
"Director",406,2406
"Screenplay",406,2406
"Actor",119450,1333
"Actor",119450,76512
"Actor",119450,64
"Actor",119450,41292
"Actor",119450,20286
"Director",119450,32278
"Writer",119450,18189
"Writer",119450,67802
"Writer",119450,67803
"Actor",13573,1896
"Actor",13573,30614
"Actor",13573,21594
"Actor",13573,1979
"Actor",13573,20089
"Director",13573,74683
"Writer",13573,74683
"Actor",234200,2440
"Actor",234200,11356
"Actor",234200,17287
"Actor",234200,14887
"Actor",234200,125660
"Director",234200,111807
"Writer",234200,192938
"Actor",1579,17678
"Actor",1579,17688
"Actor",1579,17689
"Actor",1579,42009
"Actor",1579,62477
"Director",1579,2461
"Writer",1579,2461
"Writer",1579,17655
"Actor",206487,569
"Actor",206487,235416
"Actor",206487,1284
"Actor",206487,75175
"Actor",206487,213144
"Director",206487,56501
"Director",206487,56502
"Writer",206487,56501
"Writer",206487,56502
"Actor",9802,738
"Actor",9802,2963
"Actor",9802,228
"Actor",9802,34691
"Actor",9802,52
"Director",9802,865
"Screenplay",9802,24049
"Screenplay",9802,59331
"Screenplay",9802,59332
"Actor",10234,8196
"Actor",10234,19123
"Actor",10234,20449
"Actor",10234,18490
"Actor",10234,551782
"Director",10234,6011
"Screenplay",10234,6011
"Actor",11454,52267
"Actor",11454,387
"Actor",11454,1117
"Actor",11454,1248
"Actor",11454,11148
"Director",11454,638
"Screenplay",11454,638
"Actor",9361,11856
"Actor",9361,289
"Actor",9361,3203
"Actor",9361,57448
"Actor",9361,57449
"Director",9361,638
"Screenplay",9361,638
"Screenplay",9361,57447
"Actor",154400,2524
"Actor",154400,87722
"Actor",154400,4691
"Actor",154400,73381
"Actor",154400,40543
"Screenplay",154400,4722
"Director",154400,236859
"Actor",245692,82923
"Actor",245692,516
"Actor",245692,1390490
"Actor",245692,1574459
"Actor",245692,1574460
"Director",245692,67717
"Screenplay",245692,67717
"Actor",244267,10692
"Actor",244267,222330
"Actor",244267,469759
"Actor",244267,215055
"Actor",244267,128645
"Director",244267,45459
"Screenplay",244267,45459
"Actor",2288,1204
"Actor",2288,9642
"Actor",2288,524
"Actor",2288,2296
"Actor",2288,23608
"Director",2288,5342
"Screenplay",2288,23606
"Actor",196024,1018
"Actor",196024,57012
"Actor",196024,1017
"Actor",196024,1013156
"Actor",196024,64122
"Director",196024,206476
"Screenplay",196024,74752
"Actor",254201,1018
"Actor",254201,57012
"Actor",254201,90060
"Actor",254201,93236
"Actor",254201,1078979
"Director",254201,206476
"Screenplay",254201,74752
"Screenplay",254201,74758
"Actor",279,1164
"Actor",279,3999
"Actor",279,4000
"Actor",279,4002
"Actor",279,4001
"Director",279,3974
"Screenplay",279,3975
"Actor",303903,65424
"Actor",303903,1254054
"Actor",303903,149894
"Actor",303903,1250465
"Actor",303903,73044
"Director",303903,65429
"Writer",303903,25761
"Actor",205596,71580
"Actor",205596,116
"Actor",205596,1247
"Actor",205596,139549
"Actor",205596,85718
"Director",205596,77965
"Screenplay",205596,221850
"Actor",57361,75913
"Actor",57361,75912
"Actor",57361,551171
"Actor",57361,1299283
"Actor",57361,1155298
"Director",57361,75915
"Writer",57361,75915
"Actor",51876,51329
"Actor",51876,380
"Actor",51876,37260
"Actor",51876,67206
"Actor",51876,58016
"Director",51876,17329
"Author",51876,231833
"Screenplay",51876,11708
"Actor",68724,1892
"Actor",68724,1038
"Actor",68724,82191
"Actor",68724,8602
"Actor",68724,8688
"Director",68724,82194
"Writer",68724,82194
"Actor",198184,82191
"Actor",198184,76788
"Actor",198184,985041
"Actor",198184,985040
"Actor",198184,20191
"Director",198184,82194
"Writer",198184,82194
"Writer",198184,82195
"Actor",11036,53714
"Actor",11036,30614
"Actor",11036,4800
"Actor",11036,16896
"Actor",11036,9880
"Director",11036,11151
"Screenplay",11036,25210
"Screenplay",11036,67887
"Actor",2061,3398
"Actor",2061,1019
"Actor",2061,21192
"Actor",2061,31960
"Actor",2061,3411
"Director",2061,21183
"Screenplay",2061,21184
"Screenplay",2061,21183
"Actor",11328,1019
"Actor",11328,69012
"Actor",11328,69013
"Actor",11328,69014
"Actor",11328,1348437
"Director",11328,21183
"Screenplay",11328,21183
"Actor",64690,30614
"Actor",64690,36662
"Actor",64690,17419
"Actor",64690,13
"Actor",64690,25072
"Director",64690,21183
"Screenplay",64690,56960
"Actor",63,62
"Actor",63,289
"Actor",63,287
"Actor",63,290
"Actor",63,52
"Director",63,280
"Screenplay",63,7191
"Screenplay",63,281
"Actor",792,6952
"Actor",792,5293
"Actor",792,85
"Actor",792,2178
"Actor",792,13022
"Director",792,1152
"Screenplay",792,1152
"Actor",241,57755
"Actor",241,3196
"Actor",241,3223
"Actor",241,2176
"Actor",241,3197
"Director",241,1152
"Screenplay",241,3180
"Screenplay",241,3181
"Screenplay",241,1152
"Actor",310593,3895
"Actor",310593,1037
"Actor",310593,3293
"Actor",310593,17142
"Actor",310593,11667
"Director",310593,56194
"Writer",310593,56194
"Actor",670,64880
"Actor",670,10112
"Actor",670,1299317
"Actor",670,77182
"Actor",670,77188
"Director",670,10099
"Screenplay",670,10102
"Screenplay",670,10103
"Screenplay",670,10099
"Actor",574,854
"Actor",574,8237
"Actor",574,8238
"Actor",574,8239
"Actor",574,8240
"Director",574,2636
"Author",574,3599
"Screenplay",574,5181
"Actor",109424,31
"Actor",109424,2229
"Actor",109424,94864
"Actor",109424,15824
"Actor",109424,75604
"Director",109424,25598
"Screenplay",109424,21807
"Actor",22504,39953
"Actor",22504,556460
"Actor",22504,11221
"Actor",22504,1458874
"Actor",22504,1458873
"Director",22504,239033
"Screenplay",22504,25162
"Screenplay",22504,239033
"Actor",861,1100
"Actor",861,4430
"Actor",861,10768
"Actor",861,780
"Actor",861,11086
"Director",861,10491
"Screenplay",861,5046
"Screenplay",861,5045
"Author",861,584
"Screenplay",861,1582654
"Actor",402,3392
"Actor",402,4430
"Actor",402,10477
"Actor",402,10478
"Actor",402,10480
"Director",402,10491
"Screenplay",402,10492
"Actor",11005,380
"Actor",11005,2157
"Actor",11005,11512
"Actor",11005,199
"Actor",11005,14698
"Director",11005,14911
"Screenplay",11005,2260
"Actor",250734,36662
"Actor",250734,73381
"Actor",250734,3968
"Actor",250734,90451
"Actor",250734,36594
"Director",250734,4453
"Screenplay",250734,133876
"Actor",193756,13240
"Actor",193756,60900
"Actor",193756,46593
"Actor",193756,11107
"Actor",193756,8783
"Director",193756,36602
"Writer",193756,36602
"Actor",49051,1327
"Actor",49051,7060
"Actor",49051,30315
"Actor",49051,34715
"Actor",49051,25136
"Director",49051,108
"Screenplay",49051,126
"Screenplay",49051,128
"Screenplay",49051,108
"Screenplay",49051,10828
"Actor",57158,1327
"Actor",57158,7060
"Actor",57158,30315
"Actor",57158,71580
"Actor",57158,19034
"Director",57158,108
"Screenplay",57158,126
"Screenplay",57158,128
"Screenplay",57158,108
"Screenplay",57158,10828
"Actor",122917,7060
"Actor",122917,1327
"Actor",122917,30315
"Actor",122917,19034
"Actor",122917,114019
"Director",122917,108
"Screenplay",122917,10828
"Screenplay",122917,108
"Screenplay",122917,128
"Screenplay",122917,126
"Actor",102899,22226
"Actor",102899,3392
"Actor",102899,19034
"Actor",102899,74541
"Actor",102899,21127
"Director",102899,59026
"Screenplay",102899,55710
"Screenplay",102899,11090
"Screenplay",102899,155531
"Screenplay",102899,22226
"Actor",5336,4819
"Actor",5336,42845
"Actor",5336,42846
"Actor",5336,42847
"Actor",5336,28681
"Director",5336,5970
"Screenplay",5336,5970
"Screenplay",5336,72477
"Screenplay",5336,72191
"Writer",5336,100327
"Actor",8681,3896
"Actor",8681,10696
"Actor",8681,11825
"Actor",8681,2221
"Actor",8681,9629
"Director",8681,35453
"Screenplay",8681,59
"Screenplay",8681,61
"Actor",45649,46919
"Actor",45649,11659
"Actor",45649,57093
"Actor",45649,7706
"Actor",45649,29795
"Director",45649,133398
"Writer",45649,133398
"Actor",179150,4275
"Actor",179150,146288
"Actor",179150,59807
"Actor",179150,1200404
"Actor",179150,132857
"Director",179150,133398
"Writer",179150,133398
"Actor",500,1037
"Actor",500,3129
"Actor",500,147
"Actor",500,2969
"Actor",500,884
"Director",500,138
"Writer",500,138
"Writer",500,8297
"Actor",680,8891
"Actor",680,2231
"Actor",680,139
"Actor",680,62
"Actor",680,10182
"Director",680,138
"Screenplay",680,138
"Actor",393,139
"Actor",393,141
"Actor",393,589
"Actor",393,147
"Actor",393,240171
"Director",393,138
"Screenplay",393,138
"Actor",1991,6856
"Actor",1991,20494
"Actor",1991,5916
"Actor",1991,20491
"Actor",1991,20493
"Director",1991,138
"Screenplay",1991,138
"Actor",16869,287
"Actor",16869,19119
"Actor",16869,27319
"Actor",16869,16847
"Actor",16869,17288
"Director",16869,138
"Writer",16869,138
"Actor",68718,134
"Actor",68718,27319
"Actor",68718,6193
"Actor",68718,11703
"Actor",68718,2231
"Director",68718,138
"Writer",68718,138
"Actor",508,3291
"Actor",508,5472
"Actor",508,118763
"Actor",508,350
"Actor",508,7056
"Director",508,7018
"Screenplay",508,7018
"Actor",4348,116
"Actor",4348,15576
"Actor",4348,10882
"Actor",4348,36665
"Actor",4348,55636
"Director",4348,36588
"Screenplay",4348,36652
"Actor",1573,62
"Actor",1573,7673
"Actor",1573,7676
"Actor",1573,7672
"Actor",1573,22383
"Director",1573,16938
"Screenplay",1573,20840
"Screenplay",1573,1726
"Actor",59967,24045
"Actor",59967,62
"Actor",59967,5081
"Actor",59967,17142
"Actor",59967,48312
"Director",59967,67367
"Writer",59967,67367
"Actor",22803,134
"Actor",22803,17276
"Actor",22803,17782
"Actor",22803,14888
"Actor",22803,57451
"Director",22803,37932
"Writer",22803,13927
"Actor",941,2461
"Actor",941,2047
"Actor",941,2048
"Actor",941,11784
"Actor",941,14313
"Director",941,7187
"Screenplay",941,1108
"Actor",942,2461
"Actor",942,2047
"Actor",942,4517
"Actor",942,14324
"Actor",942,14325
"Director",942,7187
"Screenplay",942,737
"Actor",943,2461
"Actor",943,2047
"Actor",943,4517
"Actor",943,14343
"Actor",943,14344
"Director",943,7187
"Screenplay",943,737
"Screenplay",943,61
"Actor",944,2461
"Actor",944,2047
"Actor",944,4517
"Actor",944,14343
"Actor",944,1336
"Director",944,7187
"Screenplay",944,14346
"Actor",12101,10017
"Actor",12101,13566
"Actor",12101,71240
"Actor",12101,27747
"Actor",12101,7664
"Director",12101,2087
"Screenplay",12101,71238
"Actor",85350,931944
"Actor",85350,4687
"Actor",85350,569
"Actor",85350,1327009
"Actor",85350,2857
"Director",85350,564
"Writer",85350,564
"Actor",348,4139
"Actor",348,10205
"Actor",348,5047
"Actor",348,5048
"Actor",348,5049
"Director",348,578
"Screenplay",348,5045
"Actor",98,934
"Actor",98,73421
"Actor",98,935
"Actor",98,936
"Actor",98,194
"Director",98,578
"Screenplay",98,929
"Screenplay",98,932
"Screenplay",98,933
"Actor",855,2299
"Actor",855,3061
"Actor",855,11355
"Actor",855,3197
"Actor",855,886
"Director",855,578
"Screenplay",855,12783
"Actor",9740,4173
"Actor",9740,1231
"Actor",9740,64
"Actor",9740,11477
"Actor",9740,13936
"Director",9740,578
"Screenplay",9740,1255
"Screenplay",9740,2260
"Actor",20662,934
"Actor",20662,112
"Actor",20662,2201
"Actor",20662,227
"Actor",20662,2983
"Director",20662,578
"Screenplay",20662,4723
"Actor",286217,1892
"Actor",286217,83002
"Actor",286217,41091
"Actor",286217,8447
"Actor",286217,454
"Director",286217,578
"Screenplay",286217,47506
"Actor",1904,1339
"Actor",1904,643
"Actor",1904,16145
"Actor",1904,10075
"Actor",1904,19855
"Director",1904,17633
"Screenplay",1904,19852
"Actor",1700,3085
"Actor",1700,8534
"Actor",1700,5605
"Actor",1700,36926
"Actor",1700,7570
"Director",1700,3026
"Screenplay",1700,348
"Actor",293,287
"Actor",293,4138
"Actor",293,4139
"Actor",293,4154
"Actor",293,3202
"Director",293,4135
"Author",293,4136
"Screenplay",293,4137
"Actor",11450,1241
"Actor",11450,52602
"Actor",11450,5469
"Actor",11450,13324
"Actor",11450,19839
"Director",11450,4135
"Screenplay",11450,45543
"Actor",22538,39995
"Actor",22538,17628
"Actor",22538,18793
"Actor",22538,88902
"Actor",22538,17486
"Director",22538,11090
"Screenplay",22538,58744
"Screenplay",22538,11090
"Actor",13,31
"Actor",13,32
"Actor",13,33
"Actor",13,34
"Actor",13,35
"Director",13,24
"Screenplay",13,27
"Actor",285783,24045
"Actor",285783,2282
"Actor",285783,1021684
"Actor",285783,18473
"Actor",285783,40939
"Director",285783,24
"Screenplay",285783,24
"Screenplay",285783,1371893
"Actor",11416,380
"Actor",11416,16940
"Actor",11416,40008
"Actor",11416,18992
"Actor",11416,3896
"Director",11416,8965
"Screenplay",11416,13317
"Actor",805,12021
"Actor",805,11147
"Actor",805,4970
"Actor",805,12022
"Actor",805,12023
"Director",805,3556
"Screenplay",805,3556
"Actor",205775,74568
"Actor",205775,239996
"Actor",205775,2037
"Actor",205775,2039
"Actor",205775,17064
"Director",205775,6159
"Screenplay",205775,1997
"Actor",186161,109713
"Actor",186161,22462
"Actor",186161,35210
"Actor",186161,82119
"Actor",186161,231427
"Director",186161,212080
"Screenplay",186161,212080
"Screenplay",186161,1119418
"Screenplay",186161,1168589
"Actor",19908,44735
"Actor",19908,57755
"Actor",19908,54693
"Actor",19908,17140
"Actor",19908,55085
"Director",19908,91268
"Writer",19908,7932
"Writer",19908,91269
"Actor",82682,16851
"Actor",82682,30614
"Actor",82682,1733
"Actor",82682,54693
"Actor",82682,2228
"Director",82682,91268
"Writer",82682,466391
"Actor",256917,934
"Actor",256917,18182
"Actor",256917,99314
"Actor",256917,74376
"Actor",256917,224181
"Writer",256917,1295993
"Writer",256917,137902
"Director",256917,934
"Actor",312221,135651
"Actor",312221,16483
"Actor",312221,62561
"Actor",312221,119598
"Actor",312221,1537624
"Director",312221,1056121
"Screenplay",312221,1056121
"Screenplay",312221,1485107
"Actor",294963,6856
"Actor",294963,17178
"Actor",294963,28657
"Actor",294963,28633
"Actor",294963,1039525
"Director",294963,1018106
"Writer",294963,1018106
"Actor",112336,4173
"Actor",112336,15735
"Actor",112336,1245
"Actor",112336,19655
"Actor",112336,10860
"Director",112336,8686
"Screenplay",112336,1054633
"Screenplay",112336,1054634
"Actor",14,1979
"Actor",14,516
"Actor",14,2155
"Actor",14,8210
"Actor",14,8211
"Director",14,39
"Author",14,2152
"Screenplay",14,2152
"Actor",4147,31
"Actor",4147,78198
"Actor",4147,10431
"Actor",4147,19977
"Actor",4147,3636
"Director",4147,39
"Screenplay",4147,35021
"Actor",764,11357
"Actor",764,11462
"Actor",764,11463
"Actor",764,11464
"Actor",764,11465
"Director",764,7623
"Screenplay",764,7623
"Actor",16121,18391
"Actor",16121,2
"Actor",16121,62036
"Actor",16121,27516
"Actor",16121,8898
"Director",16121,26959
"Writer",16121,26959
"Actor",245168,36662
"Actor",245168,1283
"Actor",245168,2039
"Actor",245168,37058
"Actor",245168,5064
"Director",245168,93288
"Writer",245168,93289
"Actor",158091,1139337
"Actor",158091,625924
"Actor",158091,1139338
"Actor",158091,2269945
"Actor",158091,2269946
"Director",158091,32250
"Screenplay",158091,59703
"Screenplay",158091,32250
"Actor",938,190
"Actor",938,4078
"Actor",938,14276
"Actor",938,16318
"Actor",938,14277
"Director",938,4385
"Screenplay",938,4385
"Screenplay",938,4986
"Screenplay",938,5810
"Actor",335,4959
"Actor",335,4958
"Actor",335,4765
"Actor",335,4960
"Actor",335,4961
"Director",335,4385
"Screenplay",335,4385
"Screenplay",335,5555
"Actor",336,5563
"Actor",336,522
"Actor",336,5567
"Actor",336,5568
"Actor",336,5566
"Director",336,4385
"Screenplay",336,5810
"Screenplay",336,5555
"Screenplay",336,4385
"Actor",311,380
"Actor",311,4512
"Actor",311,4513
"Actor",311,4517
"Actor",311,4521
"Director",311,4385
"Screenplay",311,4664
"Screenplay",311,69973
"Screenplay",311,32048
"Screenplay",311,4667
"Screenplay",311,4668
"Screenplay",311,4385
"Screenplay",311,50818
"Actor",11798,70517
"Actor",11798,1115
"Actor",11798,70518
"Actor",11798,70519
"Actor",11798,148139
"Director",11798,70520
"Screenplay",11798,70520
"Writer",11798,1923588
"Actor",272691,75912
"Actor",272691,1246955
"Actor",272691,1057068
"Actor",272691,1046863
"Actor",272691,240948
"Director",272691,1325711
"Writer",272691,21684
"Writer",272691,1325711
"Actor",389,4958
"Actor",389,1936
"Actor",389,5247
"Actor",389,5248
"Actor",389,5249
"Director",389,39996
"Screenplay",389,5246
"Actor",153,1532
"Actor",153,1245
"Actor",153,1771
"Actor",153,1772
"Actor",153,1770
"Director",153,1769
"Screenplay",153,1769
"Actor",152601,73421
"Actor",152601,1245
"Actor",152601,9273
"Actor",152601,108916
"Actor",152601,59315
"Director",152601,5953
"Writer",152601,5953
"Actor",1429,819
"Actor",1429,1233
"Actor",1429,12834
"Actor",1429,5916
"Actor",1429,10690
"Screenplay",1429,9813
"Director",1429,5281
"Actor",39486,2882
"Actor",39486,6949
"Actor",39486,349
"Actor",39486,21043
"Actor",39486,17874
"Director",39486,2460
"Screenplay",39486,10683
"Actor",935,12446
"Actor",935,862
"Actor",935,3088
"Actor",935,4966
"Actor",935,14253
"Director",935,240
"Screenplay",935,240
"Screenplay",935,8950
"Screenplay",935,14250
"Actor",185,56890
"Actor",185,2264
"Actor",185,2265
"Actor",185,2267
"Actor",185,2268
"Director",185,240
"Screenplay",185,240
"Actor",967,2090
"Actor",967,3359
"Actor",967,14500
"Actor",967,10921
"Actor",967,14501
"Director",967,240
"Screenplay",967,11993
"Screenplay",967,14501
"Actor",238713,55536
"Actor",238713,9642
"Actor",238713,9827
"Actor",238713,976
"Actor",238713,62965
"Director",238713,116805
"Writer",238713,116805
"Actor",84892,33235
"Actor",84892,10990
"Actor",84892,132157
"Actor",84892,22226
"Actor",84892,19961
"Director",84892,19311
"Screenplay",84892,19311
"Actor",206563,1372459
"Actor",206563,1372462
"Actor",206563,1372463
"Actor",206563,108916
"Actor",206563,87341
"Director",206563,468
"Screenplay",206563,7018
"Actor",205220,5309
"Actor",205220,4581
"Actor",205220,1151957
"Actor",205220,51544
"Actor",205220,8926
"Director",205220,3224
"Screenplay",205220,4581
"Screenplay",205220,113515
"Actor",76025,17288
"Actor",76025,36662
"Actor",76025,18473
"Actor",76025,87243
"Actor",76025,172150
"Screenplay",76025,93289
"Director",76025,72757
"Writer",76025,72757
"Actor",161,1461
"Actor",161,287
"Actor",161,1892
"Actor",161,1271
"Actor",161,1204
"Director",161,1884
"Author",161,1885
"Screenplay",161,1886
"Author",161,1887
"Actor",839,12422
"Actor",839,40186
"Actor",839,12423
"Actor",839,160969
"Actor",839,12424
"Director",839,488
"Screenplay",839,12415
"Actor",424,3896
"Actor",424,2282
"Actor",424,5469
"Actor",424,6692
"Actor",424,6693
"Director",424,488
"Screenplay",424,2260
"Actor",329,4783
"Actor",329,4784
"Actor",329,4785
"Actor",329,4786
"Actor",329,4789
"Director",329,488
"Screenplay",329,4782
"Screenplay",329,508
"Actor",640,6193
"Actor",640,31
"Actor",640,4690
"Actor",640,8349
"Actor",640,136761
"Director",640,488
"Screenplay",640,2689
"Actor",594,31
"Actor",594,1922
"Actor",594,2283
"Actor",594,8687
"Actor",594,8688
"Director",594,488
"Screenplay",594,8686
"Screenplay",594,2689
"Writer",594,8685
"Actor",57212,225692
"Actor",57212,91606
"Actor",57212,71580
"Actor",57212,20286
"Actor",57212,1639
"Director",57212,488
"Screenplay",57212,470
"Writer",57212,7018
"Actor",296098,31
"Actor",296098,40900
"Actor",296098,39388
"Actor",296098,21278
"Actor",296098,8197
"Director",296098,488
"Writer",296098,1223
"Writer",296098,1224
"Writer",296098,1323533
"Actor",11943,4135
"Actor",11943,70990
"Actor",11943,70991
"Actor",11943,70992
"Actor",11943,84240
"Screenplay",11943,8328
"Screenplay",11943,70997
"Screenplay",11943,11056
"Director",11943,2226
"Actor",11963,4135
"Actor",11963,6450
"Actor",11963,19153
"Actor",11963,2201
"Actor",11963,11783
"Director",11963,2226
"Screenplay",11963,10931
"Screenplay",11963,11056
"Actor",1367,16483
"Actor",1367,3094
"Actor",1367,4521
"Actor",1367,1101
"Actor",1367,16523
"Director",1367,16483
"Screenplay",1367,16483
"Actor",1371,16483
"Actor",1371,3094
"Actor",1371,4521
"Actor",1371,1101
"Actor",1371,16523
"Director",1371,16483
"Screenplay",1371,16483
"Actor",239566,172069
"Actor",239566,81697
"Actor",239566,707
"Actor",239566,19492
"Actor",239566,1120
"Director",239566,55789
"Screenplay",239566,73838
"Screenplay",239566,21339
"Screenplay",239566,120254
"Actor",426,854
"Actor",426,5729
"Actor",426,5730
"Actor",426,5731
"Actor",426,5732
"Director",426,2636
"Screenplay",426,5735
"Screenplay",426,5736
"Actor",205,1896
"Actor",205,2598
"Actor",205,1733
"Actor",205,2607
"Actor",205,73421
"Director",205,2589
"Author",205,2590
"Author",205,2589
"Screenplay",205,2590
"Screenplay",205,2589
"Actor",762,10722
"Actor",762,8930
"Actor",762,280
"Actor",762,10713
"Actor",762,10707
"Director",762,280
"Director",762,10707
"Writer",762,10722
"Writer",762,8930
"Writer",762,10713
"Writer",762,280
"Writer",762,10707
"Writer",762,383
"Actor",4543,280
"Actor",4543,10722
"Actor",4543,8930
"Actor",4543,10713
"Actor",4543,10707
"Screenplay",4543,10722
"Screenplay",4543,8930
"Screenplay",4543,280
"Screenplay",4543,10713
"Screenplay",4543,10707
"Screenplay",4543,383
"Director",4543,10707
"Director",4543,280
"Actor",239563,1532
"Actor",239563,1274508
"Actor",239563,55536
"Actor",239563,3489
"Actor",239563,40477
"Director",239563,1141683
"Screenplay",239563,1141683
"Actor",12473,28633
"Actor",12473,82103
"Actor",12473,82104
"Actor",12473,765
"Actor",12473,41293
"Director",12473,17867
"Writer",12473,17867
"Actor",103663,1019
"Actor",103663,4457
"Actor",103663,1112385
"Actor",103663,1188827
"Actor",103663,47156
"Director",103663,4453
"Screenplay",103663,4453
"Screenplay",103663,141883
"Actor",4011,2232
"Actor",4011,16935
"Actor",4011,7447
"Actor",4011,1920
"Actor",4011,11514
"Director",4011,510
"Screenplay",4011,34534
"Screenplay",4011,913
"Actor",364,2232
"Actor",364,518
"Actor",364,1160
"Actor",364,4690
"Actor",364,3796
"Director",364,510
"Screenplay",364,5128
"Screenplay",364,17880
"Actor",522,85
"Actor",522,2641
"Actor",522,520
"Actor",522,4687
"Actor",522,4004
"Director",522,510
"Author",522,7129
"Screenplay",522,7130
"Screenplay",522,7131
"Actor",2668,85
"Actor",2668,6886
"Actor",2668,8436
"Actor",2668,5658
"Actor",2668,27763
"Director",2668,510
"Screenplay",2668,12047
"Actor",12155,76070
"Actor",12155,85
"Actor",12155,1813
"Actor",12155,1283
"Actor",12155,1064
"Director",12155,510
"Screenplay",12155,38792
"Actor",87093,9273
"Actor",87093,27319
"Actor",87093,78080
"Actor",87093,6413
"Actor",87093,17881
"Writer",87093,7131
"Director",87093,510
"Writer",87093,7130
"Actor",293660,10859
"Actor",293660,54882
"Actor",293660,1047649
"Actor",293660,51990
"Actor",293660,78452
"Director",293660,55252
"Screenplay",293660,7932
"Screenplay",293660,91269
"Actor",314365,103
"Actor",314365,2232
"Actor",314365,53714
"Actor",314365,23626
"Actor",314365,21134
"Director",314365,17867
"Writer",314365,17867
"Writer",314365,1219529
"Actor",13008,27578
"Actor",13008,2229
"Actor",13008,63663
"Actor",13008,12538
"Actor",13008,156342
"Director",13008,62514
"Author",13008,62514
"Author",13008,74265
"Screenplay",13008,62514
"Screenplay",13008,74265
"Actor",280,1100
"Actor",280,2713
"Actor",280,418
"Actor",280,820
"Actor",280,75027
"Director",280,2710
"Writer",280,2711
"Writer",280,2710
"Actor",73,819
"Actor",73,820
"Actor",73,821
"Actor",73,822
"Actor",73,823
"Director",73,814
"Screenplay",73,818
"Actor",744,500
"Actor",744,11084
"Actor",744,5576
"Actor",744,11085
"Actor",744,4139
"Director",744,893
"Screenplay",744,11080
"Screenplay",744,11081
"Actor",9509,5292
"Actor",9509,501
"Actor",9509,8329
"Actor",9509,4690
"Actor",9509,47775
"Director",9509,893
"Screenplay",9509,4723
"Actor",8967,287
"Actor",8967,2228
"Actor",8967,83002
"Actor",8967,1715121
"Actor",8967,1715122
"Director",8967,30715
"Writer",8967,30715
"Actor",320318,54291
"Actor",320318,48576
"Actor",320318,228719
"Actor",320318,1402424
"Actor",320318,77310
"Director",320318,140518
"Screenplay",320318,51322
"Screenplay",320318,140518
"Actor",172520,1155121
"Actor",172520,113006
"Actor",172520,1155122
"Actor",172520,1155123
"Actor",172520,1155125
"Director",172520,1033719
"Writer",172520,1033719
"Writer",172520,1155118
"Actor",1653,258
"Actor",1653,18478
"Actor",1653,18499
"Actor",1653,6859
"Actor",1653,105738
"Director",1653,8574
"Screenplay",1653,18492
"Actor",284293,1231
"Actor",284293,7447
"Actor",284293,37917
"Actor",284293,7517
"Actor",284293,83222
"Director",284293,82335
"Director",284293,82337
"Screenplay",284293,82335
"Screenplay",284293,82337
"Actor",83666,929906
"Actor",83666,929905
"Actor",83666,819
"Actor",83666,62
"Actor",83666,1532
"Director",83666,5655
"Writer",83666,5655
"Writer",83666,38803
"Actor",120467,5469
"Actor",120467,1291350
"Actor",120467,1164
"Actor",120467,8789
"Actor",120467,3490
"Director",120467,5655
"Screenplay",120467,5655
"Actor",1986,20436
"Actor",1986,20437
"Actor",1986,20438
"Actor",1986,20439
"Actor",1986,20441
"Director",1986,20430
"Screenplay",1986,20431
"Screenplay",1986,20430
"Actor",294254,527393
"Actor",294254,115150
"Actor",294254,25663
"Actor",294254,4808
"Actor",294254,49735
"Director",294254,1179066
"Screenplay",294254,1257144
"Actor",377,11163
"Actor",377,13652
"Actor",377,5141
"Actor",377,13656
"Actor",377,13657
"Screenplay",377,5140
"Director",377,5140
"Actor",703,1243
"Actor",703,3092
"Actor",703,10555
"Actor",703,10556
"Actor",703,10557
"Director",703,1243
"Screenplay",703,1243
"Screenplay",703,10439
"Actor",116,1244
"Actor",116,1245
"Actor",116,1246
"Actor",116,1248
"Actor",116,1249
"Director",116,1243
"Writer",116,1243
"Actor",184352,143593
"Actor",184352,991982
"Actor",184352,130928
"Actor",184352,461309
"Actor",184352,96592
"Director",184352,143593
"Screenplay",184352,143593
"Screenplay",184352,1068493
"Actor",322125,145121
"Actor",322125,228714
"Actor",322125,55805
"Actor",322125,24591
"Actor",322125,56286
"Director",322125,225407
"Writer",322125,225407
"Writer",322125,134810
"Actor",401,5367
"Actor",401,524
"Actor",401,65
"Actor",401,133
"Actor",401,5376
"Screenplay",401,5367
"Director",401,5367
"Actor",76758,3894
"Actor",76758,1006864
"Actor",76758,1031246
"Actor",76758,126851
"Actor",76758,550626
"Director",76758,607
"Screenplay",76758,99693
"Actor",188927,62064
"Actor",188927,17306
"Actor",188927,1372
"Actor",188927,8691
"Actor",188927,11108
"Director",188927,58189
"Screenplay",188927,11108
"Screenplay",188927,65779
"Actor",303991,131
"Actor",303991,3489
"Actor",303991,2955
"Actor",303991,1538780
"Actor",303991,1363367
"Director",303991,69371
"Screenplay",303991,1408804
"Actor",309302,936431
"Actor",309302,145093
"Actor",309302,1465994
"Actor",309302,1174659
"Actor",309302,1117866
"Director",309302,2352
"Screenplay",309302,55474
"Screenplay",309302,27074
"Screenplay",309302,2352
"Actor",290250,934
"Actor",290250,30614
"Actor",290250,1265629
"Actor",290250,66743
"Actor",290250,1392137
"Director",290250,1108
"Writer",290250,1108
"Writer",290250,1182718
