"movie_id","movie_releaseYear","movie_title","movie_voteAverage","movie_voteNb","movie_budget"
8393,1980,"The Gods Must Be Crazy",7.1,445,5000000
52366,1997,"Lucie Aubrac",6.3,22,0
50839,2011,"Margin Call",6.8,856,3500000
238781,2014,"24 Days",6.9,51,0
335983,2018,"Venom",6.6,6186,116000000
483184,2018,"Dogman",7.7,847,0
345887,2018,"The Equalizer 2",6.4,2081,62000000
338189,2016,"It's Only the End of the World",7.3,884,10000000
603,1999,"The Matrix",8.1,14381,63000000
329865,2016,"Arrival",7.4,10373,47000000
333339,2018,"Ready Player One",7.6,7006,175000000
400579,2018,"Tully",6.9,619,0
2440,2000,"Joint Security Area",7.7,223,0
336843,2018,"Maze Runner: The Death Cure",7.1,3888,62000000
384680,2017,"Hostiles",6.7,1052,55000000
336804,2015,"Mustang",8,752,1300000
152584,2013,"Blue Is the Warmest Color",7.1,2362,4300000
452187,2017,"Le Brio",7.2,454,0
399035,2018,"The Commuter",6.2,2392,30000000
400617,2017,"Phantom Thread",7.2,1614,35000000
396371,2017,"Molly's Game",7.1,1723,30000000
300668,2018,"Annihilation",6.3,4456,40000000
241554,2015,"Run All Night",6.4,1682,50000000
2882,2007,"Hunting and Gathering",6.6,225,0
12477,1988,"Grave of the Fireflies",8.4,2039,3700000
389015,2017,"I, Tonya",7.6,2892,11000000
284053,2017,"Thor: Ragnarok",7.5,11361,180000000
399055,2017,"The Shape of Water",7.2,7214,19500000
427348,2017,"Carbone",6.9,182,0
10220,1998,"Rounders",7,811,12000000
397538,2017,"Borg vs McEnroe",7.1,546,7500000
63311,2011,"The Skin I Live In",7.5,1500,13000000
181808,2017,"Star Wars: The Last Jedi",7,8527,200000000
14410,2009,"Notorious",6.7,289,0
71157,2011,"Polisse",7.8,668,0
432068,2017,"C'est la vie!",6.8,726,17200000
395991,2017,"Only the Brave",7,602,10000000
406997,2017,"Wonder",8.2,3946,20000000
339877,2017,"Loving Vincent",8.2,1197,5500000
10673,1987,"Wall Street",7.2,971,15000000
369192,2017,"Battle of the Sexes",6.9,1044,25000000
413778,2017,"Lost in Paris",6.2,47,0
451945,2017,"BPM (Beats per Minute)",7.9,755,6600000
379149,2017,"The Foreigner",6.7,1084,35000000
335984,2017,"Blade Runner 2049",7.4,6664,150000000
18785,2009,"The Hangover",7.3,10388,35000000
434616,2017,"Patients",7.5,387,0
347031,2016,"Swiss Army Man",6.9,1788,3000000
407201,2017,"Ceasefire",6.7,25,0
21778,2004,"RRRrrrr!!!",6.2,582,17820000
585,2001,"Monsters, Inc.",7.8,10778,115000000
8424,2003,"Love Me If You Dare",7.4,1068,0
134374,2013,"Pain & Gain",6.1,2492,25000000
105,1985,"Back to the Future",8.2,10931,19000000
587,2003,"Big Fish",7.7,3841,70000000
1422,2006,"The Departed",8.1,7869,90000000
318917,2015,"Look Who's Back",6.8,1014,3196621
65,2002,"8 Mile",7,3405,41000000
372058,2016,"Your Name.",8.6,4145,0
395834,2017,"Wind River",7.4,2432,11000000
390497,2016,"Tunnel",7.1,173,0
281338,2017,"War for the Planet of the Apes",7,5229,150000000
335578,2015,"Land of Mine",7.8,675,5070773
273153,2015,"Summertime",6.6,144,0
157350,2014,"Divergent",6.9,8266,0
339403,2017,"Baby Driver",7.4,8017,34000000
10086,1992,"Man Bites Dog",7.4,361,0
166426,2017,"Pirates of the Caribbean: Dead Men Tell No Tales",6.6,6923,230000000
49040,2012,"The Bourne Legacy",6.1,3625,130000000
11953,1980,"Kagemusha",7.9,258,0
8367,1991,"Robin Hood: Prince of Thieves",6.8,1655,48000000
73211,2010,"King of Devil's Island",7.3,96,10000000
1541,1991,"Thelma & Louise",7.4,1468,16000000
8736,2006,"Dikkenek",6.8,341,0
411088,2016,"The Invisible Guest",8.2,1671,4000000
297762,2017,"Wonder Woman",7.3,12558,149000000
392812,2016,"Dogs",6.5,11,0
334524,2016,"Gold",6.6,864,20000000
339964,2017,"Valerian and the City of a Thousand Planets",6.6,4144,177200000
374720,2017,"Dunkirk",7.4,9146,100000000
274857,2017,"King Arthur: Legend of the Sword",6.5,3298,175000000
393519,2016,"Raw",7.1,1446,3500000
432087,2017,"Back to Burgundy",7,207,0
55787,2011,"Water for Elephants",6.9,1623,38000000
398924,2017,"A Bag of Marbles",7.9,421,0
82633,2012,"Lawless",7,1657,26000000
3683,2006,"Flags of Our Fathers",6.8,903,90000000
25196,2009,"Crazy Heart",7,472,7000000
324552,2017,"John Wick: Chapter 2",7,5839,40000000
253239,2014,"Diplomacy",7.2,113,0
21575,2009,"A Prophet",7.6,699,13000000
44629,2010,"Animal Kingdom",6.8,399,5000000
300,2006,"The Science of Sleep",7,380,6000000
185567,2013,"Zulu",6.8,271,16000000
10315,2009,"Fantastic Mr. Fox",7.7,2298,40000000
5236,2005,"Kiss Kiss Bang Bang",7.2,1428,15000000
12104,1982,"Pink Floyd - The Wall",8,649,12000000
1381,2006,"The Fountain",6.9,1449,35000000
1491,2006,"The Illusionist",7.2,2725,16500000
419430,2017,"Get Out",7.5,8737,4500000
263115,2017,"Logan",7.8,12308,97000000
315846,2015,"Our Little Sister",7.5,164,0
258480,2015,"Carol",7.4,1946,0
26502,1956,"Seven Men from Now",7,33,0
60243,2011,"A Separation",7.9,789,500000
257211,2015,"The Intern",7.1,3365,35000000
294016,2015,"Trumbo",7.2,881,15000000
687,1995,"Dead Man Walking",7.4,640,11000000
1933,2001,"The Others",7.5,3219,17000000
306819,2015,"The Danish Girl",7.7,3649,15000000
28178,2009,"Hachi: A Dog's Tale",8,3589,16000000
374473,2016,"I, Daniel Blake",7.7,632,0
68713,2011,"You Will Be My Son",6.6,27,0
313369,2016,"La La Land",7.9,10016,30000000
103332,2012,"Ruby Sparks",7.1,906,8000000
382593,2016,"Divorce French Style 2",6.3,384,0
369557,2016,"Sing Street",8,1200,4000000
415665,2016,"1:54",7,75,0
314095,2017,"The Lost City of Z",6.2,1393,30000000
381288,2017,"Split",7.2,10357,9000000
966,1960,"The Magnificent Seven",7.6,794,2000000
382591,2016,"Two Is a Family",7.8,1900,0
381284,2016,"Hidden Figures",8,4703,25000000
277834,2016,"Moana",7.5,6899,150000000
290098,2016,"The Handmaiden",8.3,1207,8575000
330459,2016,"Rogue One: A Star Wars Story",7.5,9290,200000000
283366,2016,"Miss Peregrine's Home for Peculiar Children",6.7,6203,110000000
68730,2016,"Silence",7.1,1558,46000000
333484,2016,"The Magnificent Seven",6.2,3638,90000000
393457,2016,"Fences",6.8,1463,24000000
296524,2016,"Deepwater Horizon",6.7,2606,110000000
258230,2016,"A Monster Calls",7.1,1918,43000000
363676,2016,"Sully",7.1,3919,60000000
259316,2016,"Fantastic Beasts and Where to Find Them",7.4,12131,180000000
324786,2016,"Hacksaw Ridge",8.1,6595,40000000
11421,2005,"C.R.A.Z.Y.",7.7,219,0
68735,2016,"Warcraft",6.3,4065,160000000
396535,2016,"Train to Busan",7.7,2532,8820000
345920,2016,"Collateral Beauty",7.2,3264,36000000
274870,2016,"Passengers",6.8,7856,110000000
302946,2016,"The Accountant",6.9,3404,44000000
180863,2017,"T2 Trainspotting",7,1737,18000000
334543,2016,"Lion",8.1,3823,12000000
319888,2016,"Eddie the Eagle",7.2,1189,23000000
82702,2014,"How to Train Your Dragon 2",7.7,5582,145000000
88273,2012,"A Royal Affair",7.4,449,8000000
18628,1968,"Very Happy Alexander",6.5,50,0
112198,2012,"What's in a Name",7.3,866,0
192767,2014,"Noble",6.8,16,0
364137,2015,"All Three of Us",7.7,274,0
891,1976,"All the President's Men",7.7,760,8500000
13815,1994,"Fresh",7.6,77,0
265177,2014,"Mommy",8.3,1396,4900000
302401,2016,"Snowden",7.1,2420,40000000
59440,2011,"Warrior",7.8,2181,25000000
16804,2008,"Departures",7.9,311,0
429,1966,"The Good, the Bad and the Ugly",8.4,4047,1200000
10386,1999,"The Iron Giant",7.8,2791,70000000
18947,2009,"The Boat That Rocked",7.3,1174,50000000
9003,1987,"Hellraiser",7,923,1000000
101299,2013,"The Hunger Games: Catching Fire",7.4,11154,130000000
131631,2014,"The Hunger Games: Mockingjay - Part 1",6.8,10072,125000000
131634,2015,"The Hunger Games: Mockingjay - Part 2",6.8,7596,160000000
265228,2014,"Timbuktu",7,255,0
12143,1992,"Bad Lieutenant",7.2,307,1000000
7984,1993,"In the Name of the Father",7.9,746,13000000
770,1939,"Gone with the Wind",7.9,1752,4000000
76338,2013,"Thor: The Dark World",6.7,10155,170000000
19963,1996,"Bernie",7.2,100,0
236735,2014,"Marshland",7.1,466,4000000
1164,2006,"Babel",7.1,1888,25000000
194662,2014,"Birdman",7.4,7737,18000000
281957,2015,"The Revenant",7.4,11053,135000000
264660,2015,"Ex Machina",7.6,8015,15000000
119193,2012,"What the Day Owes the Night",7.8,121,17
49047,2013,"Gravity",7.2,9575,105000000
3543,1987,"Bagdad Cafe",7.4,144,0
3175,1975,"Barry Lyndon",8,1148,11000000
539,1960,"Psycho",8.4,4934,806948
255343,2014,"Escobar: Paradise Lost",6.3,475,17000000
5503,1993,"The Fugitive",7.3,2057,44000000
1830,2005,"Lord of War",7.2,2266,50000000
87827,2012,"Life of Pi",7.3,8712,120000000
227306,2014,"Unbroken",7.4,2238,65000000
409,1996,"The English Patient",7.1,994,27000000
156022,2014,"The Equalizer",7.2,4981,55000000
226,1999,"Boys Don't Cry",7.5,635,2000000
5708,2007,"Control",7.6,382,0
273895,2014,"Selma",7.5,1351,20000000
253412,2015,"Everest",6.7,2868,55000000
801,1987,"Good Morning, Vietnam",7.3,1222,13000000
380,1988,"Rain Man",7.7,3154,25000000
819,1996,"Sleepers",7.5,1417,44000000
23168,2010,"The Town",7.1,2382,37000000
68734,2012,"Argo",7.2,5120,44500000
116745,2013,"The Secret Life of Walter Mitty",7.1,4853,90000000
87492,2014,"Foxcatcher",6.6,1407,24000000
4553,2004,"The Machinist",7.5,2411,5000000
158011,2013,"The Call",6.7,1773,13000000
207933,2014,"Stonehearst Asylum",6.7,690,0
117,1987,"The Untouchables",7.8,2753,25000000
203833,2013,"The Book Thief",7.5,2784,0
629,1995,"The Usual Suspects",8.2,5645,6000000
127585,2014,"X-Men: Days of Future Past",7.5,10044,250000000
269149,2016,"Zootopia",7.7,9959,150000000
21191,2009,"Sin Nombre",7.4,222,0
366885,2015,"Public Works",7.3,17,0
197950,2014,"The Connection",7.1,407,26000000
1555,2002,"The Spanish Apartment",7.2,499,5300000
1826,2005,"Russian Dolls",6.9,286,13000000
206408,2013,"Chinese Puzzle",6.6,376,0
788,1993,"Mrs. Doubtfire",7.1,3273,25000000
672,2002,"Harry Potter and the Chamber of Secrets",7.7,11771,100000000
77,2000,"Memento",8.2,7813,9000000
320,2002,"Insomnia",6.9,2227,46000000
1124,2006,"The Prestige",8.1,8164,40000000
27205,2010,"Inception",8.3,22161,160000000
157336,2014,"Interstellar",8.2,18570,165000000
9559,1993,"A Perfect World",7.4,696,30000000
688,1995,"The Bridges of Madison County",7.6,784,24000000
70,2004,"Million Dollar Baby",7.9,4850,30000000
1251,2006,"Letters from Iwo Jima",7.4,965,19000000
3580,2008,"Changeling",7.5,2094,55000000
209451,2014,"Jersey Boys",6.9,379,40000000
190859,2014,"American Sniper",7.4,7645,58800000
135397,2015,"Jurassic World",6.6,14046,150000000
265195,2014,"Wild Tales",7.8,1562,0
244786,2014,"Whiplash",8.4,7894,3300000
242582,2014,"Nightcrawler",7.7,5852,8500000
181283,2015,"Child 44",6.2,899,50000000
9905,1994,"Shallow Grave",7.1,434,0
627,1996,"Trainspotting",8,5334,4000000
473,1998,"Pi",7.1,1090,60000
1907,2000,"The Beach",6.4,2345,40000000
12405,2008,"Slumdog Millionaire",7.7,5846,15000000
68727,2013,"Trance",6.6,1347,20000000
321697,2015,"Steve Jobs",6.8,2566,30000000
641,2000,"Requiem for a Dream",8,4831,4500000
513138,2011,"Black Swan: Metamorphosis",7.5,4,0
77016,2012,"End of Watch",7.3,1767,7000000
228150,2014,"Fury",7.4,6647,68000000
837,1983,"Videodrome",7.3,888,5952000
59,2005,"A History of Violence",7.1,1499,32000000
2252,2007,"Eastern Promises",7.3,1554,51500000
205587,2014,"The Judge",7.3,2354,50000000
8077,1992,"Alien³",6.3,2790,50000000
550,1999,"Fight Club",8.4,16304,63000000
1949,2007,"Zodiac",7.5,4299,65000000
37799,2010,"The Social Network",7.2,6109,40000000
209361,2013,"One Chance",6.6,160,0
72559,2013,"G.I. Joe: Retaliation",5.5,3877,130000000
1955,1980,"The Elephant Man",8,1480,5000000
793,1986,"Blue Velvet",7.7,1453,6000000
45317,2010,"The Fighter",7.3,2325,25000000
82693,2012,"Silver Linings Playbook",7.1,7628,21000000
767,2009,"Harry Potter and the Half-Blood Prince",7.6,10533,250000000
12444,2010,"Harry Potter and the Deathly Hallows: Part 1",7.7,10772,250000000
12445,2011,"Harry Potter and the Deathly Hallows: Part 2",8.1,11548,125000000
22302,2009,"Polytechnique",7.1,240,0
46738,2010,"Incendies",8.1,1032,10000000
146233,2013,"Prisoners",8,5776,46000000
181886,2013,"Enemy",6.9,2745,0
273481,2015,"Sicario",7.3,4471,30000000
26466,2009,"Triangle",6.8,1093,12000000
137113,2014,"Edge of Tomorrow",7.6,8035,178000000
17431,2009,"Moon",7.6,3073,5000000
45612,2011,"Source Code",7.2,4522,32000000
11216,1988,"Cinema Paradiso",8.4,1739,0
9665,1989,"Glory",7.5,637,18000000
4476,1994,"Legends of the Fall",7.4,1109,30000000
616,2003,"The Last Samurai",7.5,3410,140000000
245698,2015,"Pawn Sacrifice",6.7,444,19000000
220,1955,"East of Eden",7.7,312,1
59468,2010,"The Way",7.2,273,0
11044,1993,"Arizona Dream",7.2,322,19000000
329819,2015,"Standing Tall",7.4,287,5000000
1954,2004,"The Butterfly Effect",7.5,3809,13000000
304410,2014,"The Bélier Family",7,1477,11000000
11673,1990,"Cyrano de Bergerac",7.2,289,0
277216,2015,"Straight Outta Compton",7.7,2046,28000000
137182,2012,"The Broken Circle Breakdown",7.8,590,0
598,2002,"City of God",8.4,3320,3300000
240,1974,"The Godfather: Part II",8.5,5863,13000000
242,1990,"The Godfather: Part III",7.3,2884,54000000
6114,1992,"Dracula",7.3,2263,40000000
6479,2007,"I Am Legend",7.1,8903,150000000
5924,1973,"Papillon",8,835,12000000
204082,2013,"Homefront",6.5,1408,22000000
70160,2012,"The Hunger Games",7.1,14572,75000000
979,2002,"Irreversible",7.1,1031,0
34647,2010,"Enter the Void",7.3,771,13000000
10316,2011,"The Ides of March",6.7,1403,12500000
8810,1981,"Mad Max 2",7.3,1697,2000000
76341,2015,"Mad Max: Fury Road",7.4,14431,150000000
314402,2015,"Dheepan",6.9,230,0
11978,2000,"Men of Honor",7.2,957,82343495
256591,2015,"Focus",6.8,4164,50100000
157825,2014,"White Bird in a Blizzard",6.2,484,0
6145,2007,"Fracture",7.3,1739,0
10795,2006,"Tell No One",7.4,633,11700000
489,1997,"Good Will Hunting",8.1,5752,10000000
100,1998,"Lock, Stock and Two Smoking Barrels",8,3050,1350000
10528,2009,"Sherlock Holmes",7.1,9012,90000000
203801,2015,"The Man from U.N.C.L.E.",7.1,3517,75000000
137,1993,"Groundhog Day",7.5,4014,14600000
11621,1992,"Porco Rosso",7.8,1143,0
128,1997,"Princess Mononoke",8.3,3728,26500000
129,2001,"Spirited Away",8.5,7411,19000000
68558,2001,"Be.Angeled",6,1,3800000
149871,2013,"The Tale of the Princess Kaguya",8.1,660,49300000
200505,2014,"Draft Day",6.6,460,25000000
241239,2014,"A Most Violent Year",6.6,791,20000000
54138,2013,"Star Trek Into Darkness",7.4,6179,190000000
140607,2015,"Star Wars: The Force Awakens",7.4,12632,245000000
168259,2015,"Furious 7",7.3,6532,190000000
10227,1967,"PlayTime",7.8,194,0
679,1986,"Aliens",7.9,5091,18500000
19995,2009,"Avatar",7.4,18657,237000000
152599,2013,"The Immigrant",6.2,438,16000000
118340,2014,"Guardians of the Galaxy",7.9,17929,170000000
1245,1993,"The Remains of the Day",7.6,482,11500000
284689,2014,"Testament of Youth",7.4,484,0
266856,2014,"The Theory of Everything",7.9,6402,15000000
713,1993,"The Piano",7.4,567,7000000
214910,2013,"Hwayi: A Monster Boy",7.5,62,0
130150,2013,"Labor Day",6.9,545,18000000
225574,2014,"Non-Stop",6.8,3325,50000000
9736,2008,"Love Me No More",7,84,0
192,1986,"The Name of the Rose",7.4,1462,20000000
978,1997,"Seven Years in Tibet",7.1,1206,70000000
152532,2013,"Dallas Buyers Club",7.9,4957,5000000
228970,2014,"Wild",7,1451,15000000
8078,1997,"Alien Resurrection",6,2359,70000000
194,2001,"Amélie",7.9,6275,10000000
157841,2013,"The Young and Prodigious T.S. Spivet",6.7,387,33000000
64720,2011,"Take Shelter",7.2,784,5000000
103731,2013,"Mud",7,1587,10000000
4104,1993,"Benny & Joon",7.1,395,0
251,1990,"Ghost",7.1,2792,22000000
1554,1986,"Down by Law",7.5,286,0
4816,1999,"Ghost Dog: The Way of the Samurai",7.3,540,2000000
152603,2013,"Only Lovers Left Alive",7.4,1052,7000000
7445,2009,"Brothers",6.9,1185,26000000
31900,2010,"Gainsbourg: A Heroic Life",7,150,0
331,2001,"Jurassic Park III",6,3781,93000000
307081,2015,"Southpaw",7.4,3417,30000000
290,1991,"Barton Fink",7.5,794,9000000
115,1998,"The Big Lebowski",7.9,5650,15000000
6977,2007,"No Country for Old Men",7.9,5921,25000000
1551,1990,"Flatliners",6.4,739,26000000
1817,2002,"Phone Booth",6.8,1883,13000000
198277,2013,"Begin Again",7.2,2087,8000000
1091,1982,"The Thing",8,3054,15000000
1366,1976,"Rocky",7.7,3709,1000000
20766,2009,"The Road",6.9,1858,32000000
2108,1985,"The Breakfast Club",7.8,4312,1000000
140823,2013,"Saving Mr. Banks",7.4,2045,35000000
106,1987,"Predator",7.4,3711,18000000
1669,1990,"The Hunt for Red October",7.4,1545,30000000
1572,1995,"Die Hard: With a Vengeance",7.1,3260,90000000
9387,1982,"Conan the Barbarian",6.7,1145,20000000
3116,1969,"Midnight Cowboy",7.6,536,3600000
85889,2013,"Filth",6.9,950,5000000
773,2006,"Little Miss Sunshine",7.6,3465,8000000
274,1991,"The Silence of the Lambs",8.3,8434,19000000
9800,1993,"Philadelphia",7.7,2020,26000000
75612,2013,"Oblivion",6.5,6841,120000000
222935,2014,"The Fault in Our Stars",7.6,7226,12000000
115782,2013,"Jobs",6.1,1618,12000000
99861,2015,"Avengers: Age of Ultron",7.3,13435,280000000
80278,2012,"The Impossible",7.2,3607,42000000
198663,2014,"The Maze Runner",7.1,10616,34000000
97630,2012,"Zero Dark Thirty",6.9,2547,40000000
581,1990,"Dances with Wolves",7.8,1975,22000000
2013,2007,"The Diving Bell and the Butterfly",7.6,537,14000000
6478,2004,"Beyond the Sea",6.4,83,23000000
43920,2010,"Dog Pound",7.6,177,0
11344,2005,"A Bittersweet Life",7.5,308,0
15067,2008,"The Good, The Bad, The Weird",7.2,315,10000000
49797,2010,"I Saw the Devil",7.7,948,0
269494,2014,"A Hard Day",7,149,0
2457,1945,"Children of Paradise",8.2,138,0
62215,2011,"Melancholia",7.1,1637,7400000
1571,2007,"Live Free or Die Hard",6.5,3278,110000000
14794,1968,"if....",7.3,145,0
101,1994,"Léon: The Professional",8.3,7650,16000000
866,2004,"Finding Neverland",7.3,2266,25000000
8438,1995,"Murder in the First",7.1,235,0
19913,2009,"(500) Days of Summer",7.2,5594,7500000
303483,2014,"Once in a Lifetime",7.6,187,0
14574,2008,"The Boy in the Striped Pyjamas",7.8,3532,12500000
36557,2006,"Casino Royale",7.4,5990,150000000
1578,1980,"Raging Bull",7.9,1838,18000000
11873,1986,"The Color of Money",6.8,556,13800000
524,1995,"Casino",7.9,2442,52000000
3131,2002,"Gangs of New York",7.2,3472,100000000
11324,2010,"Shutter Island",8.1,12610,80000000
406,1995,"La Haine",8,1479,2600000
119450,2014,"Dawn of the Planet of the Apes",7.3,7073,170000000
13573,2003,"The United States of Leland",6.7,145,0
234200,2014,"Pride",7.9,742,0
1579,2006,"Apocalypto",7.4,2287,40000000
206487,2014,"Predestination",7.4,3325,5500000
9802,1996,"The Rock",7,2325,75000000
10234,1997,"Funny Games",7.3,775,0
11454,1986,"Manhunter",7,526,15000000
9361,1992,"The Last of the Mohicans",7.3,1373,40000000
154400,2014,"The Drop",6.7,1214,12600000
245692,2014,"The Search",6.9,36,25000000
244267,2014,"I Origins",7.6,1812,0
2288,2004,"Closer",6.8,1653,27000000
196024,2013,"The Keeper of Lost Causes",7.2,315,5649897
254201,2014,"The Absent One",7.1,264,5848257
279,1984,"Amadeus",8,2043,18000000
303903,2014,"Pokémon the Movie: Diancie and the Cocoon of Destruction",5.9,61,24720400
205596,2014,"The Imitation Game",8.1,10376,14000000
57361,2010,"The Yellow Sea",7.4,180,0
51876,2011,"Limitless",7.1,6283,27000000
68724,2013,"Elysium",6.4,5395,115000000
198184,2015,"Chappie",6.7,4990,49000000
11036,2004,"The Notebook",7.9,6120,29000000
2061,1996,"Pusher",6.9,279,0
11328,2004,"Pusher II: With Blood on My Hands",7.2,149,0
64690,2011,"Drive",7.5,6729,15000000
63,1995,"Twelve Monkeys",7.5,4333,29500000
792,1986,"Platoon",7.7,2129,6000000
241,1994,"Natural Born Killers",7.1,1635,34000000
310593,2015,"Youth",6.9,1096,13360000
670,2003,"Oldboy",8.2,3715,3000000
574,1956,"The Man Who Knew Too Much",7.5,553,2500000
109424,2013,"Captain Phillips",7.6,3907,55000000
22504,1980,"The King and the Mockingbird",7.9,139,0
861,1990,"Total Recall",7.2,2869,10000000
402,1992,"Basic Instinct",6.7,1564,49000000
11005,1990,"Awakenings",7.8,1111,0
250734,2015,"Far from the Madding Crowd",7,585,0
193756,2013,"Lone Survivor",7.4,2288,40000000
49051,2012,"The Hobbit: An Unexpected Journey",7.2,12065,250000000
57158,2013,"The Hobbit: The Desolation of Smaug",7.6,7730,250000000
122917,2014,"The Hobbit: The Battle of the Five Armies",7.3,8380,250000000
102899,2015,"Ant-Man",7.1,11930,130000000
5336,1975,"Salò, or the 120 Days of Sodom",6.4,675,0
8681,2008,"Taken",7.3,6779,25000000
45649,2010,"Rubber",5.9,415,500000
179150,2014,"Reality",7.3,211,0
500,1992,"Reservoir Dogs",8.2,7156,10000000
680,1994,"Pulp Fiction",8.4,15231,8000000
393,2004,"Kill Bill: Vol. 2",7.8,7456,30000000
1991,2007,"Death Proof",6.8,2411,25000000
16869,2009,"Inglourious Basterds",8.1,11969,70000000
68718,2012,"Django Unchained",8,15701,100000000
508,2003,"Love Actually",7.1,3587,40000000
4348,2005,"Pride & Prejudice",7.9,3263,28000000
1573,1990,"Die Hard 2",6.8,2978,70000000
59967,2012,"Looper",6.8,6718,30000000
22803,2009,"Law Abiding Citizen",7.3,2579,53000000
941,1987,"Lethal Weapon",7.1,2303,15000000
942,1989,"Lethal Weapon 2",6.9,1738,25000000
943,1992,"Lethal Weapon 3",6.6,1384,35000000
944,1998,"Lethal Weapon 4",6.5,1301,140000000
12101,1973,"Soylent Green",6.9,508,0
85350,2014,"Boyhood",7.5,3092,4000000
348,1979,"Alien",8.1,7559,11000000
98,2000,"Gladiator",8.1,9703,103000000
855,2001,"Black Hawk Down",7.3,2937,92000000
9740,2001,"Hannibal",6.6,2303,87000000
20662,2010,"Robin Hood",6.3,2566,200000000
286217,2015,"The Martian",7.7,12159,108000000
1904,2005,"Memoirs of a Geisha",7.6,1298,85000000
1700,1990,"Misery",7.7,2132,20000000
293,1992,"A River Runs Through It",7.1,446,12000000
11450,1994,"Quiz Show",7.3,420,0
22538,2010,"Scott Pilgrim vs. the World",7.3,3878,60000000
13,1994,"Forrest Gump",8.4,14800,55000000
285783,2015,"The Walk",6.9,1904,35000000
11416,1986,"The Mission",7.3,586,24500000
805,1968,"Rosemary's Baby",7.7,1716,3200000
205775,2015,"In the Heart of the Sea",6.6,2132,100000000
186161,2013,"The Gilded Cage",6.9,177,7000000
19908,2009,"Zombieland",7.2,6440,23600000
82682,2013,"Gangster Squad",6.3,2524,60000000
256917,2014,"The Water Diviner",6.8,680,22500000
312221,2015,"Creed",7.3,4005,37000000
294963,2015,"Bone Tomahawk",6.8,904,1800000
112336,2012,"Hitchcock",6.5,826,0
14,1999,"American Beauty",8,6518,15000000
4147,2002,"Road to Perdition",7.3,1836,80000000
764,1981,"The Evil Dead",7.3,1683,350000
16121,1980,"The Big Red One",6.9,132,4500000
245168,2015,"Suffragette",7.3,978,14000000
158091,2013,"Metro Manila",7.5,75,0
938,1965,"For a Few Dollars More",8,1758,600000
335,1968,"Once Upon a Time in the West",8.3,2036,5000000
336,1971,"Duck, You Sucker",7.8,403,0
311,1984,"Once Upon a Time in America",8.4,2239,20000000
11798,2006,"This Is England",7.5,617,2380000
272691,2014,"Sea Fog",6.6,49,0
389,1957,"12 Angry Men",8.4,3724,350000
153,2003,"Lost in Translation",7.4,3469,4000000
152601,2013,"Her",7.9,7767,23000000
1429,2002,"25th Hour",7.4,1165,15000000
39486,2010,"Secretariat",7,200,35000000
935,1964,"Dr. Strangelove or: How I Learned to Stop Worrying and Love the Bomb",8.1,2746,1800000
185,1971,"A Clockwork Orange",8.2,6697,2200000
967,1960,"Spartacus",7.5,912,12000000
238713,2015,"Spy",6.8,3913,65000000
84892,2012,"The Perks of Being a Wallflower",7.8,5927,13000000
206563,2014,"Trash",7.1,353,0
205220,2013,"Philomena",7.4,944,12000000
76025,2011,"Shame",7,1602,6500000
161,2001,"Ocean's Eleven",7.3,6613,85000000
839,1971,"Duel",7.4,740,450000
424,1993,"Schindler's List",8.5,8053,22000000
329,1993,"Jurassic Park",7.8,8997,63000000
640,2002,"Catch Me If You Can",7.9,7295,52000000
594,2004,"The Terminal",7.2,3778,60000000
57212,2011,"War Horse",7.2,1848,66000000
296098,2015,"Bridge of Spies",7.2,4309,40000000
11943,1972,"Jeremiah Johnson",7.4,228,0
11963,1975,"Three Days of the Condor",7.4,460,0
1367,1979,"Rocky II",7.1,2020,7000000
1371,1982,"Rocky III",6.7,1850,17000000
239566,2014,"Get on Up",6.7,251,0
426,1958,"Vertigo",8.2,2498,2479000
205,2004,"Hotel Rwanda",7.7,1428,17500000
762,1975,"Monty Python and the Holy Grail",7.8,3048,400000
4543,1983,"The Meaning of Life",7.4,902,0
239563,2014,"St. Vincent",7.1,1068,13000000
12473,2007,"The Visitor",7.2,204,0
103663,2012,"The Hunt",8,1631,3800000
4011,1988,"Beetlejuice",7.3,2981,15000000
364,1992,"Batman Returns",6.8,3184,80000000
522,1994,"Ed Wood",7.5,1130,18000000
2668,1999,"Sleepy Hollow",7.1,3458,100000000
12155,2010,"Alice in Wonderland",6.6,8700,200000000
87093,2014,"Big Eyes",7,2150,10000000
293660,2016,"Deadpool",7.6,20147,58000000
314365,2015,"Spotlight",7.8,4924,20000000
13008,2007,"An American Crime",7.4,293,2000000
280,1991,"Terminator 2: Judgment Day",7.9,6675,102000000
73,1998,"American History X",8.4,5872,20000000
744,1986,"Top Gun",6.8,3125,15000000
9509,2004,"Man on Fire",7.4,2520,70000000
8967,2011,"The Tree of Life",6.6,1728,32000000
320318,2015,"The Clearstream Affair",6.1,49,0
172520,2013,"Coldwater",6.8,103,0
1653,2004,"The Motorcycle Diaries",7.4,603,0
284293,2014,"Still Alice",7.5,1944,5000000
83666,2012,"Moonrise Kingdom",7.7,3018,16000000
120467,2014,"The Grand Budapest Hotel",8,8071,30000000
1986,2005,"Live and Become",7.5,86,0
294254,2015,"Maze Runner: The Scorch Trials",6.6,6359,61000000
377,1984,"A Nightmare on Elm Street",7.2,2400,1800000
703,1977,"Annie Hall",7.8,1954,4000000
116,2005,"Match Point",7.3,2090,15000000
184352,2013,"Tom at the Farm",7,359,0
322125,2015,"A Perfect Man",7.1,322,0
401,2004,"Garden State",7.2,990,2500000
76758,2011,"The Flowers of War",7.4,333,94000000
188927,2016,"Star Trek Beyond",6.7,4272,185000000
303991,2016,"Demolition",6.7,1120,10000000
309302,2015,"Wolf Totem",6.5,213,38000000
290250,2016,"The Nice Guys",7.1,4262,50000000
