film_id;film_annee;film_titre;film_note;film_note_nb_votant;film_budget;
1;141052;2017;Justice League;6.3;5523;500000000
2;299536;2018;Avengers: Infinity War;8.3;7617;300000000
3;333339;2018;Ready Player One;7.7;3978;175000000
4;400579;2018;Tully;6.9;233;0
5;2440;2000;<U+ACF5><U+B3D9><U+ACBD><U+BE44><U+AD6C><U+C5ED> JSA;7.8;186;0
6;336843;2018;Maze Runner: The Death Cure;7.1;2552;62000000
7;384680;2017;Hostiles;6.5;651;55000000
8;336804;2015;Mustang;8;584;1300000
9;152584;2013;La vie d'Adèle - Chapitres 1 et 2;7.2;1808;4300000
10;452187;2017;Le Brio;7.3;255;0
11;399035;2018;The Commuter;6.1;1545;30000000
12;400617;2017;Phantom Thread;7.2;1060;35000000
13;396371;2017;Molly's Game;7.1;1145;30000000
14;300668;2018;Annihilation;6.3;2749;40000000
15;241554;2015;Run All Night;6.4;1455;50000000
16;2882;2007;Ensemble, c'est tout;6.6;186;0
17;12477;1988;<U+706B><U+5782><U+308B><U+306E><U+5893>;8.4;1559;3700000
18;389015;2017;I, Tonya;7.6;1830;11000000
19;284053;2017;Thor: Ragnarok;7.5;8129;180000000
20;399055;2017;The Shape of Water;7.3;4999;19500000
21;427348;2017;Carbone;7;114;0
22;10220;1998;Rounders;7;647;12000000
23;397538;2017;Borg vs McEnroe;7;359;7500000
24;63311;2011;La piel que habito;7.5;1194;13000000
25;181808;2017;Star Wars: The Last Jedi;7.1;6516;200000000
26;14410;2009;Notorious;6.7;233;0
27;71157;2011;Polisse;7.8;521;0
28;432068;2017;Le Sens de la fête;6.8;480;17200000
29;395991;2017;Only the Brave;6.8;387;10000000
30;406997;2017;Wonder;8.2;2555;20000000
31;339877;2017;Loving Vincent;8.3;808;5500000
32;10673;1987;Wall Street;7.1;805;15000000
33;369192;2017;Battle of the Sexes;6.9;752;25000000
34;413778;2017;Paris pieds nus;6.5;35;0
35;451945;2017;120 battements par minute;8;521;6600000
36;379149;2017;The Foreigner;6.7;809;35000000
37;335984;2017;Blade Runner 2049;7.3;5127;150000000
38;18785;2009;The Hangover;7.2;8625;35000000
39;434616;2017;Patients;7.5;313;0
40;347031;2016;Swiss Army Man;6.9;1393;3000000
41;407201;2017;Cessez-le-feu;6.8;23;0
42;21778;2004;RRRrrrr!!!;6.2;421;17820000
43;585;2001;Monsters, Inc.;7.7;8783;115000000
44;8424;2003;Jeux d'enfants;7.4;836;0
45;134374;2013;Pain & Gain;6.1;2086;25000000
46;105;1985;Back to the Future;8.2;8913;19000000
47;587;2003;Big Fish;7.7;3135;70000000
48;1422;2006;The Departed;8.1;6330;90000000
49;318917;2015;Er ist wieder da;6.8;800;3196621
50;65;2002;8 Mile;6.9;2555;41000000
51;372058;2016;<U+541B><U+306E><U+540D><U+306F><U+3002>;8.6;2819;0
52;395834;2017;Wind River;7.4;1614;11000000
53;390497;2016;<U+D130><U+B110>;7.2;143;0
54;281338;2017;War for the Planet of the Apes;6.9;4281;150000000
55;335578;2015;Under sandet;7.8;516;5070773
56;273153;2015;La Belle saison;6.6;116;0
57;157350;2014;Divergent;6.9;6850;85000000
58;339403;2017;Baby Driver;7.4;6063;34000000
59;10086;1992;C'est arrivé près de chez vous;7.4;291;0
60;166426;2017;Pirates of the Caribbean: Dead Men Tell No Tales;6.5;5460;230000000
61;49040;2012;The Bourne Legacy;6.1;3215;130000000
62;11953;1980;<U+5F71><U+6B66><U+8005>;7.9;206;0
63;8367;1991;Robin Hood: Prince of Thieves;6.7;1345;48000000
64;73211;2010;Kongen av Bastøy;7.3;83;10000000
65;1541;1991;Thelma & Louise;7.4;1153;16000000
66;8736;2006;Dikkenek;6.8;243;0
67;411088;2016;Contratiempo;8.2;984;4000000
68;297762;2017;Wonder Woman;7.2;9991;149000000
69;392812;2016;Câini;6.6;8;0
70;334524;2016;Gold;6.6;702;20000000
71;339964;2017;Valerian and the City of a Thousand Planets;6.6;3156;177200000
72;374720;2017;Dunkirk;7.4;7048;100000000
73;274857;2017;King Arthur: Legend of the Sword;6.5;2684;175000000
74;393519;2017;Grave;7;1095;3500000
75;432087;2017;Ce qui nous lie;7;153;0
76;55787;2011;Water for Elephants;6.9;1301;38000000
77;398924;2017;Un sac de billes;7.9;265;0
78;82633;2012;Lawless;7;1413;26000000
79;3683;2006;Flags of Our Fathers;6.8;746;90000000
80;25196;2009;Crazy Heart;6.9;389;7000000
81;324552;2017;John Wick: Chapter 2;6.9;4468;40000000
82;253239;2014;Diplomatie;7.2;99;0
83;21575;2009;Un prophète;7.6;545;13000000
84;44629;2010;Animal Kingdom;6.8;325;5000000
85;300;2006;La Science des rêves;7;323;6000000
86;185567;2013;Zulu;6.8;218;16000000
87;10315;2009;Fantastic Mr. Fox;7.6;1805;40000000
88;5236;2005;Kiss Kiss Bang Bang;7.2;1212;15000000
89;12104;1982;Pink Floyd: The Wall;7.9;507;12000000
90;1381;2006;The Fountain;6.9;1219;35000000
91;1491;2006;The Illusionist;7.2;2283;40000000
92;419430;2017;Get Out;7.4;6359;4500000
93;263115;2017;Logan;7.7;10101;97000000
94;315846;2015;<U+6D77><U+8857>diary;7.4;134;0
95;258480;2015;Carol;7.4;1487;0
96;26502;1956;Seven Men from Now;7;26;0
97;60243;2011;<U+062C><U+062F><U+0627><U+06CC><U+06CC> <U+0646><U+0627><U+062F><U+0631> <U+0627><U+0632> <U+0633><U+06CC><U+0645><U+06CC><U+0646>;7.9;632;500000
98;257211;2015;The Intern;7.1;2735;35000000
99;294016;2015;Trumbo;7.2;740;15000000
100;687;1995;Dead Man Walking;7.4;518;11000000
101;1933;2001;The Others;7.5;2548;17000000
102;306819;2015;The Danish Girl;7.6;2812;15000000
103;28178;2009;Hachi: A Dog's Tale;7.9;2773;16000000
104;374473;2016;I, Daniel Blake;7.7;469;0
105;68713;2011;Tu seras mon fils;6.6;27;0
106;313369;2016;La La Land;7.9;7980;30000000
107;103332;2012;Ruby Sparks;7;753;0
108;382593;2016;Papa ou maman 2;6.2;290;0
109;369557;2016;Sing Street;8;952;4000000
110;415665;2016;01:54;7.1;62;0
111;314095;2017;The Lost City of Z;6.2;1113;30000000
112;381288;2017;Split;7.1;7482;9000000
113;966;1960;The Magnificent Seven;7.5;645;2000000
114;382591;2016;Demain tout commence;7.8;1479;0
115;381284;2016;Hidden Figures;8;3678;25000000
116;277834;2016;Moana;7.5;5427;150000000
117;290098;2016;<U+C544><U+AC00><U+C528>;8.3;857;8575000
118;330459;2016;Rogue One: A Star Wars Story;7.5;7815;200000000
119;283366;2016;Miss Peregrine's Home for Peculiar Children;6.6;5128;110000000
120;68730;2016;Silence;7.1;1215;46000000
121;333484;2016;The Magnificent Seven;6.1;3098;90000000
122;393457;2016;Fences;6.7;1163;24000000
123;296524;2016;Deepwater Horizon;6.7;2147;110000000
124;258230;2016;A Monster Calls;7;1573;43000000
125;329865;2016;Arrival;7.4;8395;47000000
126;363676;2016;Sully;7;3092;60000000
127;259316;2016;Fantastic Beasts and Where to Find Them;7.3;9127;180000000
128;324786;2016;Hacksaw Ridge;8;5322;40000000
129;11421;2005;C.R.A.Z.Y.;7.7;185;0
130;68735;2016;Warcraft;6.3;3331;160000000
131;396535;2016;<U+BD80><U+C0B0><U+D589>;7.7;1813;8820000
132;345920;2016;Collateral Beauty;7.1;2545;36000000
133;274870;2016;Passengers;6.8;6185;110000000
134;302946;2016;The Accountant;6.9;2881;44000000
135;180863;2017;T2 Trainspotting;7;1379;18000000
136;334543;2016;Lion;8.1;2890;12000000
137;319888;2016;Eddie the Eagle;7.1;967;23000000
138;82702;2014;How to Train Your Dragon 2;7.6;4419;145000000
139;88273;2012;En kongelig affære;7.4;358;8000000
140;18628;1968;Alexandre le bienheureux;6.4;40;0
141;112198;2012;Le Prénom;7.3;668;0
142;192767;2014;Noble;6.8;14;0
143;364137;2015;Nous trois ou rien;7.6;191;0
144;891;1976;All the President's Men;7.7;611;8500000
145;13815;1994;Fresh;7.6;73;0
146;265177;2014;Mommy;8.3;1086;4900000
147;302401;2016;Snowden;7;1988;40000000
148;59440;2011;Warrior;7.8;1800;25000000
149;16804;2008;<U+304A><U+304F><U+308A><U+3073><U+3068>;7.9;257;0
150;429;1966;Il buono, il brutto, il cattivo;8.3;3289;1200000
151;10386;1999;The Iron Giant;7.8;2223;70000000
152;18947;2009;The Boat That Rocked;7.3;960;50000000
153;9003;1987;Hellraiser;7;682;1000000
154;101299;2013;The Hunger Games: Catching Fire;7.4;9292;130000000
155;131631;2014;The Hunger Games: Mockingjay - Part 1;6.7;8375;125000000
156;131634;2015;The Hunger Games: Mockingjay - Part 2;6.8;6163;160000000
157;265228;2014;Timbuktu;7;211;0
158;12143;1992;Bad Lieutenant;7.1;246;1000000
159;7984;1993;In the Name of the Father;7.8;583;13000000
160;770;1939;Gone with the Wind;7.8;1436;4000000
161;76338;2013;Thor: The Dark World;6.7;7817;170000000
162;19963;1996;Bernie;7.3;76;0
163;236735;2014;La isla mínima;7.1;357;4000000
164;1164;2006;Babel;7;1529;25000000
165;194662;2014;Birdman;7.4;6319;18000000
166;281957;2015;The Revenant;7.4;9035;135000000
167;264660;2015;Ex Machina;7.6;6710;15000000
168;119193;2012;Ce que le jour doit à la nuit;7.5;81;17
169;49047;2013;Gravity;7.2;7896;105000000
170;3543;1987;Out of Rosenheim;7.3;118;0
171;3175;1975;Barry Lyndon;7.9;841;11000000
172;539;1960;Psycho;8.4;3810;806948
173;255343;2014;Escobar: Paradise Lost;6.3;399;17000000
174;5503;1993;The Fugitive;7.3;1702;44000000
175;1830;2005;Lord of War;7.2;1874;42000000
176;87827;2012;Life of Pi;7.3;7535;120000000
177;227306;2014;Unbroken;7.4;1869;65000000
178;409;1996;The English Patient;7.1;829;27000000
179;156022;2014;The Equalizer;7.1;4012;55000000
180;226;1999;Boys Don't Cry;7.4;522;2000000
181;5708;2007;Control;7.6;309;0
182;273895;2014;Selma;7.5;1122;20000000
183;253412;2015;Everest;6.7;2453;55000000
184;801;1987;Good Morning, Vietnam;7.3;956;13000000
185;380;1988;Rain Man;7.7;2562;25000000
186;819;1996;Sleepers;7.4;1113;44000000
187;23168;2010;The Town;7.1;2003;37000000
188;68734;2012;Argo;7.2;4398;44500000
189;116745;2013;The Secret Life of Walter Mitty;7.1;4178;90000000
190;87492;2014;Foxcatcher;6.6;1243;24000000
191;4553;2004;The Machinist;7.4;1897;5000000
192;158011;2013;The Call;6.7;1566;13000000
193;207933;2014;Stonehearst Asylum;6.7;555;0
194;117;1987;The Untouchables;7.7;2142;25000000
195;203833;2013;The Book Thief;7.4;2257;0
196;629;1995;The Usual Suspects;8.2;4693;6000000
197;127585;2014;X-Men: Days of Future Past;7.5;8431;250000000
198;269149;2016;Zootopia;7.7;8067;150000000
199;21191;2009;Sin Nombre;7.3;189;0
200;366885;2015;Publieke Werken;7.3;15;0
201;197950;2014;La French;7.1;355;26000000
202;1555;2002;L'Auberge espagnole;7.1;400;5300000
203;1826;2005;Les Poupées Russes;6.9;229;13000000
204;206408;2013;Casse-Tête Chinois;6.6;317;0
205;788;1993;Mrs. Doubtfire;7.1;2597;25000000
206;672;2002;Harry Potter and the Chamber of Secrets;7.6;9139;100000000
207;77;2000;Memento;8.2;6325;9000000
208;320;2002;Insomnia;6.8;1824;46000000
209;1124;2006;The Prestige;8.1;6580;40000000
210;27205;2010;Inception;8.2;18640;160000000
211;157336;2014;Interstellar;8.2;15278;165000000
212;9559;1993;A Perfect World;7.3;540;30000000
213;688;1995;The Bridges of Madison County;7.5;607;24000000
214;70;2004;Million Dollar Baby;7.9;3826;30000000
215;1251;2006;Letters from Iwo Jima;7.4;800;19000000
216;3580;2008;Changeling;7.4;1683;55000000
217;209451;2014;Jersey Boys;6.9;330;40000000
218;190859;2014;American Sniper;7.4;6300;58800000
219;135397;2015;Jurassic World;6.6;12045;150000000
220;265195;2014;Relatos salvajes;7.8;1228;0
221;244786;2014;Whiplash;8.4;6352;3300000
222;242582;2014;Nightcrawler;7.7;4845;8500000
223;181283;2015;Child 44;6.2;761;50000000
224;9905;1994;Shallow Grave;7.1;363;0
225;627;1996;Trainspotting;7.9;4203;4000000
226;473;1998;Pi;7.1;888;60000
227;1907;2000;The Beach;6.4;1885;40000000
228;12405;2008;Slumdog Millionaire;7.7;4380;15000000
229;68727;2013;Trance;6.6;1197;20000000
230;321697;2015;Steve Jobs;6.8;2153;30000000
231;641;2000;Requiem for a Dream;8;3881;4500000
232;513138;2011;Black Swan: Metamorphosis;10;1;0
233;77016;2012;End of Watch;7.3;1533;7000000
234;228150;2014;Fury;7.4;5505;68000000
235;837;1983;Videodrome;7.3;707;5952000
236;59;2005;A History of Violence;7.1;1200;32000000
237;2252;2007;Eastern Promises;7.3;1268;51500000
238;205587;2014;The Judge;7.3;1933;50000000
239;8077;1992;Alien³;6.3;2280;50000000
240;550;1999;Fight Club;8.4;13498;63000000
241;1949;2007;Zodiac;7.4;3284;65000000
242;37799;2010;The Social Network;7.2;4963;40000000
243;209361;2013;One Chance;6.6;145;0
244;72559;2013;G.I. Joe: Retaliation;5.5;3553;130000000
245;1955;1980;The Elephant Man;8;1136;5000000
246;793;1986;Blue Velvet;7.6;1164;6000000
247;45317;2010;The Fighter;7.3;1978;25000000
248;82693;2012;Silver Linings Playbook;7;6458;21000000
249;767;2009;Harry Potter and the Half-Blood Prince;7.6;8248;250000000
250;12444;2010;Harry Potter and the Deathly Hallows: Part 1;7.7;8483;250000000
251;12445;2011;Harry Potter and the Deathly Hallows: Part 2;8;9145;125000000
252;22302;2009;Polytechnique;7;188;0
253;46738;2010;Incendies;8;777;10000000
254;146233;2013;Prisoners;8;4674;46000000
255;181886;2013;Enemy;6.8;2120;0
256;273481;2015;Sicario;7.3;3595;30000000
257;26466;2009;Triangle;6.8;899;12000000
258;137113;2014;Edge of Tomorrow;7.6;6721;178000000
259;17431;2009;Moon;7.6;2526;5000000
260;45612;2011;Source Code;7.2;3678;32000000
261;11216;1988;Nuovo Cinema Paradiso;8.4;1303;0
262;9665;1989;Glory;7.4;525;18000000
263;4476;1994;Legends of the Fall;7.3;890;30000000
264;616;2003;The Last Samurai;7.4;2820;140000000
265;245698;2015;Pawn Sacrifice;6.7;364;19000000
266;220;1955;East of Eden;7.7;229;1
267;59468;2010;The Way;7.2;228;0
268;11044;1993;Arizona Dream;7.2;260;19000000
269;329819;2015;La Tête haute;7.4;229;5000000
270;1954;2004;The Butterfly Effect;7.5;3129;13000000
271;304410;2014;La Famille Bélier;6.9;1170;11000000
272;11673;1990;Cyrano de Bergerac;7.1;211;0
273;277216;2015;Straight Outta Compton;7.7;1778;28000000
274;137182;2012;The Broken Circle Breakdown;7.8;478;0
275;598;2002;Cidade de Deus;8.3;2595;3300000
276;240;1974;The Godfather: Part II;8.5;4819;13000000
277;242;1990;The Godfather: Part III;7.3;2344;54000000
278;6114;1992;Dracula;7.3;1726;40000000
279;6479;2007;I Am Legend;7.1;7302;150000000
280;5924;1973;Papillon;8;651;12000000
281;204082;2013;Homefront;6.4;1167;22000000
282;70160;2012;The Hunger Games;7;12521;75000000
283;979;2002;Irréversible;7;795;0
284;34647;2010;Enter the Void;7.3;597;13000000
285;10316;2011;The Ides of March;6.6;1205;12500000
286;8810;1981;Mad Max 2;7.4;1367;2000000
287;76341;2015;Mad Max: Fury Road;7.4;12364;150000000
288;314402;2015;Dheepan;6.9;181;0
289;11978;2000;Men of Honor;7.1;792;82343495
290;256591;2015;Focus;6.8;3492;50100000
291;157825;2014;White Bird in a Blizzard;6.1;408;0
292;6145;2007;Fracture;7.2;1364;0
293;10795;2006;Ne le dis à personne;7.3;494;11700000
294;489;1997;Good Will Hunting;8;4411;10000000
295;100;1998;Lock, Stock and Two Smoking Barrels;7.8;2321;1350000
296;10528;2009;Sherlock Holmes;7.1;7675;90000000
297;203801;2015;The Man from U.N.C.L.E.;7.1;3053;75000000
298;137;1993;Groundhog Day;7.5;3281;14600000
299;11621;1992;<U+7D05><U+306E><U+8C5A>;7.7;887;0
300;128;1997;<U+3082><U+306E><U+306E><U+3051><U+59EB>;8.3;3001;26500000
301;129;2001;<U+5343><U+3068><U+5343><U+5C0B><U+306E><U+795E><U+96A0><U+3057>;8.5;5872;19000000
302;68558;2001;Be.Angeled;6;1;0
303;149871;2013;<U+304B><U+3050><U+3084><U+59EB><U+306E><U+7269><U+8A9E>;8.1;529;49300000
304;200505;2014;Draft Day;6.6;398;25000000
305;241239;2014;A Most Violent Year;6.6;688;20000000
306;54138;2013;Star Trek Into Darkness;7.4;5446;190000000
307;140607;2015;Star Wars: The Force Awakens;7.4;10912;245000000
308;168259;2015;Furious 7;7.3;5590;190000000
309;10227;1967;PlayTime;7.8;144;0
310;679;1986;Aliens;7.8;4301;18500000
311;19995;2009;Avatar;7.3;15914;237000000
312;152599;2013;The Immigrant;6.2;359;16000000
313;118340;2014;Guardians of the Galaxy;7.9;14520;170000000
314;1245;1993;The Remains of the Day;7.6;350;11500000
315;284689;2014;Testament of Youth;7.4;368;0
316;266856;2014;The Theory of Everything;7.9;5100;15000000
317;713;1993;The Piano;7.3;453;7000000
318;214910;2013;<U+D654><U+C774>: <U+AD34><U+BB3C><U+C744> <U+C0BC><U+D0A8> <U+C544><U+C774>;7.6;53;0
319;130150;2013;Labor Day;6.8;430;18000000
320;225574;2014;Non-Stop;6.8;2872;50000000
321;9736;2008;Deux jours à tuer;7;68;0
322;192;1986;The Name of the Rose;7.4;1131;20000000
323;978;1997;Seven Years in Tibet;7;943;70000000
324;152532;2013;Dallas Buyers Club;7.9;4067;5000000
325;228970;2014;Wild;7;1246;15000000
326;8078;1997;Alien Resurrection;6;1946;70000000
327;194;2001;Le Fabuleux Destin d'Amélie Poulain;7.9;4917;10000000
328;157841;2013;The Young and Prodigious T.S. Spivet;6.7;323;33000000
329;64720;2011;Take Shelter;7.2;658;5000000
330;103731;2013;Mud;7;1364;10000000
331;4104;1993;Benny & Joon;7;324;0
332;251;1990;Ghost;7;2170;22000000
333;1554;1986;Down by Law;7.4;227;0
334;4816;1999;Ghost Dog: The Way of the Samurai;7.3;443;2000000
335;152603;2013;Only Lovers Left Alive;7.3;845;7000000
336;7445;2009;Brothers;6.9;964;26000000
337;31900;2010;Gainsbourg (vie héroïque);7;130;0
338;331;2001;Jurassic Park III;5.9;3037;93000000
339;307081;2015;Southpaw;7.4;2872;30000000
340;290;1991;Barton Fink;7.5;631;9000000
341;115;1998;The Big Lebowski;7.9;4396;15000000
342;6977;2007;No Country for Old Men;7.8;4610;25000000
343;1551;1990;Flatliners;6.4;608;26000000
344;1817;2002;Phone Booth;6.8;1552;13000000
345;198277;2013;Begin Again;7.3;1721;8000000
346;1091;1982;The Thing;7.9;2413;15000000
347;1366;1976;Rocky;7.6;2868;1000000
348;20766;2009;The Road;6.9;1527;32000000
349;2108;1985;The Breakfast Club;7.8;3421;1000000
350;140823;2013;Saving Mr. Banks;7.4;1676;35000000
351;106;1987;Predator;7.3;2978;18000000
352;1669;1990;The Hunt for Red October;7.3;1300;30000000
353;1572;1995;Die Hard: With a Vengeance;7.1;2761;90000000
354;9387;1982;Conan the Barbarian;6.7;926;20000000
355;3116;1969;Midnight Cowboy;7.6;446;3600000
356;85889;2013;Filth;6.9;803;5000000
357;773;2006;Little Miss Sunshine;7.6;2668;8000000
358;274;1991;The Silence of the Lambs;8.2;6758;19000000
359;9800;1993;Philadelphia;7.7;1596;26000000
360;75612;2013;Oblivion;6.5;5999;120000000
361;222935;2014;The Fault in Our Stars;7.6;5812;12000000
362;115782;2013;Jobs;6.1;1444;12000000
363;99861;2015;Avengers: Age of Ultron;7.3;10406;280000000
364;80278;2012;Lo imposible;7.2;2964;42000000
365;198663;2014;The Maze Runner;7.1;8810;34000000
366;97630;2012;Zero Dark Thirty;6.9;2182;40000000
367;581;1990;Dances with Wolves;7.8;1569;22000000
368;2013;2007;Le scaphandre et le papillon;7.6;423;14000000
369;6478;2004;Beyond the Sea;6.4;71;23000000
370;43920;2010;Dog Pound;7.6;144;0
371;11344;2005;<U+B2EC><U+CF64><U+D55C> <U+C778><U+C0DD>;7.6;257;0
372;15067;2008;<U+C88B><U+C740> <U+B188>, <U+B098><U+C05C> <U+B188>, <U+C774><U+C0C1><U+D55C> <U+B188>;7.1;271;10000000
373;49797;2010;<U+C545><U+B9C8><U+B97C> <U+BCF4><U+C558><U+B2E4>;7.7;766;0
374;269494;2014;<U+B05D><U+AE4C><U+C9C0> <U+AC04><U+B2E4>;7;125;0
375;2457;1945;Les Enfants du Paradis;8.2;109;0
376;62215;2011;Melancholia;7;1325;7400000
377;1571;2007;Live Free or Die Hard;6.5;2792;110000000
378;14794;1968;If....;7.4;118;0
379;101;1994;Léon;8.3;6162;16000000
380;866;2004;Finding Neverland;7.3;1877;25000000
381;8438;1995;Murder in the First;7;189;0
382;19913;2009;(500) Days of Summer;7.2;4434;7500000
383;303483;2014;Les Héritiers;7.7;150;0
384;14574;2008;The Boy in the Striped Pyjamas;7.8;2608;12500000
385;36557;2006;Casino Royale;7.4;5117;150000000
386;1578;1980;Raging Bull;7.9;1452;18000000
387;11873;1986;The Color of Money;6.8;443;13800000
388;524;1995;Casino;7.9;1952;52000000
389;3131;2002;Gangs of New York;7.2;2821;100000000
390;11324;2010;Shutter Island;8;9984;80000000
391;406;1995;La Haine;8;1114;2600000
392;119450;2014;Dawn of the Planet of the Apes;7.3;6127;170000000
393;13573;2003;The United States of Leland;6.7;127;0
394;234200;2014;Pride;7.9;609;0
395;1579;2006;Apocalypto;7.4;1847;40000000
396;206487;2014;Predestination;7.4;2810;5500000
397;9802;1996;The Rock;7;1944;75000000
398;10234;1997;Funny Games;7.3;607;0
399;11454;1986;Manhunter;7;439;15000000
400;9361;1992;The Last of the Mohicans;7.3;1110;40000000
401;154400;2014;The Drop;6.7;1064;12600000
402;245692;2014;The Search;6.9;30;25000000
403;244267;2014;I Origins;7.6;1521;0
404;2288;2004;Closer;6.8;1304;27000000
405;196024;2013;Kvinden i buret;7.1;241;0
406;254201;2014;Fasandræberne;7.1;208;0
407;279;1984;Amadeus;8;1662;18000000
408;303903;2014;<U+30DD><U+30B1><U+30E2><U+30F3>·<U+30B6>·<U+30E0><U+30FC><U+30D3><U+30FC>XY <U+300C><U+7834><U+58CA><U+306E><U+7E6D><U+3068><U+30C7><U+30A3><U+30A2><U+30F3><U+30B7><U+30FC><U+300D>;5.7;46;24720400
409;205596;2014;The Imitation Game;8.1;8525;14000000
410;57361;2010;<U+D669><U+D574>;7.4;161;0
411;51876;2011;Limitless;7.1;5204;27000000
412;68724;2013;Elysium;6.4;4618;115000000
413;198184;2015;Chappie;6.7;4267;49000000
414;11036;2004;The Notebook;7.8;4728;29000000
415;2061;1996;Pusher;6.9;231;0
416;11328;2004;Pusher II;7.1;122;0
417;64690;2011;Drive;7.5;5500;15000000
418;63;1995;Twelve Monkeys;7.5;3568;29500000
419;792;1986;Platoon;7.7;1733;6000000
420;241;1994;Natural Born Killers;7;1318;34000000
421;310593;2015;Youth;6.8;912;13360000
422;670;2003;<U+C62C><U+B4DC><U+BCF4><U+C774>;8.1;2954;3000000
423;574;1956;The Man Who Knew Too Much;7.4;420;2500000
424;109424;2013;Captain Phillips;7.6;3267;55000000
425;22504;1980;Le roi et l'oiseau;7.9;89;0
426;861;1990;Total Recall;7.1;2404;10000000
427;402;1992;Basic Instinct;6.6;1275;49000000
428;11005;1990;Awakenings;7.7;867;0
429;250734;2015;Far from the Madding Crowd;6.9;491;0
430;193756;2013;Lone Survivor;7.4;1993;40000000
431;49051;2012;The Hobbit: An Unexpected Journey;7.2;10509;250000000
432;57158;2013;The Hobbit: The Desolation of Smaug;7.6;6385;250000000
433;122917;2014;The Hobbit: The Battle of the Five Armies;7.2;6890;250000000
434;102899;2015;Ant-Man;7.1;9106;130000000
435;5336;1975;Salò o le 120 giornate di Sodoma;6.4;505;0
436;8681;2008;Taken;7.3;5777;25000000
437;45649;2010;Rubber;5.8;333;500000
438;179150;2014;Réalité;7.3;157;0
439;500;1992;Reservoir Dogs;8.1;5697;10000000
440;680;1994;Pulp Fiction;8.4;12361;8000000
441;393;2004;Kill Bill: Vol. 2;7.8;5971;30000000
442;1991;2007;Death Proof;6.7;1932;25000000
443;16869;2009;Inglourious Basterds;8;9585;70000000
444;68718;2012;Django Unchained;7.9;13302;100000000
445;508;2003;Love Actually;7.1;2776;40000000
446;4348;2005;Pride & Prejudice;7.9;2314;28000000
447;1573;1990;Die Hard 2;6.8;2502;70000000
448;59967;2012;Looper;6.7;5911;30000000
449;22803;2009;Law Abiding Citizen;7.3;2123;53000000
450;941;1987;Lethal Weapon;7.1;1889;15000000
451;942;1989;Lethal Weapon 2;6.8;1432;25000000
452;943;1992;Lethal Weapon 3;6.5;1128;35000000
453;944;1998;Lethal Weapon 4;6.4;1069;140000000
454;12101;1973;Soylent Green;6.9;426;0
455;85350;2014;Boyhood;7.5;2638;4000000
456;348;1979;Alien;8;6222;11000000
457;98;2000;Gladiator;8;7840;103000000
458;855;2001;Black Hawk Down;7.3;2472;92000000
459;9740;2001;Hannibal;6.5;1846;87000000
460;20662;2010;Robin Hood;6.3;2066;200000000
461;286217;2015;The Martian;7.7;10100;108000000
462;1904;2005;Memoirs of a Geisha;7.5;1030;85000000
463;1700;1990;Misery;7.7;1697;20000000
464;293;1992;A River Runs Through It;7.1;355;0
465;11450;1994;Quiz Show;7.3;356;0
466;22538;2010;Scott Pilgrim vs. the World;7.3;3183;60000000
467;13;1994;Forrest Gump;8.4;11799;55000000
468;285783;2015;The Walk;6.9;1599;35000000
469;11416;1986;The Mission;7.3;448;24500000
470;805;1968;Rosemary's Baby;7.7;1382;3200000
471;205775;2015;In the Heart of the Sea;6.6;1811;100000000
472;186161;2013;La Cage Dorée;6.9;147;7000000
473;19908;2009;Zombieland;7.2;5062;23600000
474;82682;2013;Gangster Squad;6.3;2220;60000000
475;256917;2014;The Water Diviner;6.8;597;22500000
476;312221;2015;Creed;7.3;2920;37000000
477;294963;2015;Bone Tomahawk;6.7;720;1800000
478;112336;2012;Hitchcock;6.4;712;0
479;317927;2000;American Beauty: Look Closer...;0;0;0
480;4147;2002;Road to Perdition;7.3;1523;80000000
481;764;1981;The Evil Dead;7.3;1365;350000
482;16121;1980;The Big Red One;6.9;109;4500000
483;245168;2015;Suffragette;7.2;728;14000000
484;158091;2013;Metro Manila;7.4;69;0
485;938;1965;Per qualche dollaro in più;7.9;1399;600000
486;335;1968;C'era una volta il West;8.2;1644;5000000
487;336;1971;Giù la testa;7.7;300;0
488;311;1984;Once Upon a Time in America;8.4;1752;30000000
489;11798;2006;This Is England;7.5;511;2380000
490;272691;2014;<U+D574><U+BB34>;6.6;43;0
491;389;1957;12 Angry Men;8.4;2962;350000
492;153;2003;Lost in Translation;7.4;2696;4000000
493;152601;2013;Her;7.9;6120;23000000
494;1429;2002;25th Hour;7.3;942;15000000
495;39486;2010;Secretariat;7;162;35000000
496;935;1964;Dr. Strangelove or: How I Learned to Stop Worrying and Love the Bomb;8.1;2183;1800000
497;185;1971;A Clockwork Orange;8.1;5251;2200000
498;967;1960;Spartacus;7.5;721;12000000
499;238713;2015;Spy;6.8;3373;65000000
500;84892;2012;The Perks of Being a Wallflower;7.8;4576;13000000
501;206563;2014;Trash;7.2;303;0
502;205220;2013;Philomena;7.4;785;12000000
503;76025;2011;Shame;7;1291;6500000
504;161;2001;Ocean's Eleven;7.3;5444;85000000
505;839;1972;Duel;7.4;568;450000
506;424;1993;Schindler's List;8.5;6341;22000000
507;329;1993;Jurassic Park;7.8;7246;63000000
508;640;2002;Catch Me If You Can;7.8;5710;52000000
509;594;2004;The Terminal;7.2;2944;60000000
510;57212;2011;War Horse;7.2;1471;66000000
511;296098;2015;Bridge of Spies;7.2;3605;40000000
512;11943;1972;Jeremiah Johnson;7.5;179;0
513;11963;1975;Three Days of the Condor;7.3;359;0
514;1367;1979;Rocky II;7;1497;7000000
515;1371;1982;Rocky III;6.6;1368;17000000
516;239566;2014;Get on Up;6.6;216;0
517;426;1958;Vertigo;8.2;1864;2479000
518;205;2004;Hotel Rwanda;7.7;1137;17500000
519;762;1975;Monty Python and the Holy Grail;7.8;2450;400000
520;4543;1983;The Meaning of Life;7.3;705;0
521;239563;2014;St. Vincent;7.1;951;13000000
522;12473;2007;The Visitor;7.2;177;0
523;103663;2012;Jagten;8;1327;3800000
524;4011;1988;Beetlejuice;7.2;2298;15000000
525;364;1992;Batman Returns;6.8;2519;80000000
526;522;1994;Ed Wood;7.4;921;18000000
527;2668;1999;Sleepy Hollow;7;2763;100000000
528;12155;2010;Alice in Wonderland;6.5;6874;200000000
529;87093;2014;Big Eyes;6.9;1747;10000000
530;293660;2016;Deadpool;7.5;16685;58000000
531;314365;2015;Spotlight;7.8;3935;20000000
532;13008;2007;An American Crime;7.4;243;2000000
533;280;1991;Terminator 2: Judgment Day;7.9;5630;100000000
534;73;1998;American History X;8.3;4680;20000000
535;744;1986;Top Gun;6.8;2534;15000000
536;9509;2004;Man on Fire;7.4;2114;70000000
537;8967;2011;The Tree of Life;6.6;1423;32000000
538;320318;2015;L'Enquête;6;46;0
539;172520;2013;Coldwater;6.7;95;0
540;1653;2004;Diarios de motocicleta;7.4;450;0
541;284293;2014;Still Alice;7.5;1614;5000000
542;83666;2012;Moonrise Kingdom;7.7;2446;16000000
543;120467;2014;The Grand Budapest Hotel;8;6597;30000000
544;1986;2005;Va, vis et deviens;7.3;65;0
545;294254;2015;Maze Runner: The Scorch Trials;6.6;5219;61000000
546;377;1984;A Nightmare on Elm Street;7.2;1870;1800000
547;703;1977;Annie Hall;7.8;1568;4000000
548;116;2005;Match Point;7.3;1683;15000000
549;184352;2013;Tom à la ferme;7;284;0
550;322125;2015;Un Homme idéal;7;221;0
551;401;2004;Garden State;7.2;859;2500000
552;188927;2016;Star Trek Beyond;6.7;3673;185000000
553;303991;2016;Demolition;6.6;942;10000000
554;309302;2015;<U+72FC><U+56FE><U+817E>;6.4;191;38000000
555;290250;2016;The Nice Guys;7;3403;50000000
